Distribution,FunctionType,WeightFunction,K_Star,ChangeType,ChangeParam,Power,EDD
Gaussian,linear,gamma_0.0,350,inflation,1.1,0.987,114.84093211752786
Gaussian,linear,gamma_0.25,350,inflation,1.1,0.9775,107.33246753246753
Gaussian,linear,gamma_0.45,350,inflation,1.1,0.922,122.17674150834773
Gaussian,linear,log,350,inflation,1.1,0.9555,215.99372056514915
Gaussian,linear,gamma_0.0,350,inflation,1.2,1.0,42.10155077538769
Gaussian,linear,gamma_0.25,350,inflation,1.2,1.0,35.79696202531645
Gaussian,linear,gamma_0.45,350,inflation,1.2,1.0,36.7649550026469
Gaussian,linear,log,350,inflation,1.2,1.0,76.111
Gaussian,linear,gamma_0.0,350,inflation,1.3,1.0,25.530295443164746
Gaussian,linear,gamma_0.25,350,inflation,1.3,1.0,21.117886178861788
Gaussian,linear,gamma_0.45,350,inflation,1.3,1.0,20.83729529846804
Gaussian,linear,log,350,inflation,1.3,1.0,45.401
Gaussian,linear,gamma_0.0,350,inflation,1.4,1.0,18.36768384192096
Gaussian,linear,gamma_0.25,350,inflation,1.4,1.0,14.959959452610239
Gaussian,linear,gamma_0.45,350,inflation,1.4,1.0,14.482075976457999
Gaussian,linear,log,350,inflation,1.4,1.0,32.219
Gaussian,linear,gamma_0.0,350,inflation,1.5,1.0,14.4994994994995
Gaussian,linear,gamma_0.25,350,inflation,1.5,1.0,11.79500254971953
Gaussian,linear,gamma_0.45,350,inflation,1.5,1.0,11.366879659211927
Gaussian,linear,log,350,inflation,1.5,1.0,25.269
Gaussian,linear,gamma_0.0,350,ar1,0.1,1.0,7.33033033033033
Gaussian,linear,gamma_0.25,350,ar1,0.1,1.0,5.956521739130435
Gaussian,linear,gamma_0.45,350,ar1,0.1,1.0,5.67053241960991
Gaussian,linear,log,350,ar1,0.1,1.0,12.286
Gaussian,linear,gamma_0.0,350,ar1,0.3,1.0,7.313156578289145
Gaussian,linear,gamma_0.25,350,ar1,0.3,1.0,5.966480446927374
Gaussian,linear,gamma_0.45,350,ar1,0.3,1.0,5.659810126582278
Gaussian,linear,log,350,ar1,0.3,1.0,12.3195
Gaussian,linear,gamma_0.0,350,ar1,0.5,1.0,7.325
Gaussian,linear,gamma_0.25,350,ar1,0.5,1.0,5.934793683138054
Gaussian,linear,gamma_0.45,350,ar1,0.5,1.0,5.658484525080043
Gaussian,linear,log,350,ar1,0.5,1.0,12.3515
Gaussian,linear,gamma_0.0,350,ar1,0.7,1.0,7.423711855927964
Gaussian,linear,gamma_0.25,350,ar1,0.7,1.0,6.045778229908444
Gaussian,linear,gamma_0.45,350,ar1,0.7,1.0,5.773936170212766
Gaussian,linear,log,350,ar1,0.7,1.0,12.4165
Gaussian,linear,gamma_0.0,350,ar1,0.9,1.0,7.363363363363363
Gaussian,linear,gamma_0.25,350,ar1,0.9,1.0,5.9923702950152595
Gaussian,linear,gamma_0.45,350,ar1,0.9,1.0,5.701429327686607
Gaussian,linear,log,350,ar1,0.9,1.0,12.3795
Gaussian,linear,gamma_0.0,350,spike,2.0,1.0,14.012
Gaussian,linear,gamma_0.25,350,spike,2.0,1.0,11.353238866396762
Gaussian,linear,gamma_0.45,350,spike,2.0,1.0,10.906951871657753
Gaussian,linear,log,350,spike,2.0,1.0,24.173
Gaussian,linear,gamma_0.0,350,spike,2.5,1.0,13.341170585292646
Gaussian,linear,gamma_0.25,350,spike,2.5,1.0,10.908629441624365
Gaussian,linear,gamma_0.45,350,spike,2.5,1.0,10.488912354804647
Gaussian,linear,log,350,spike,2.5,1.0,22.977
Gaussian,linear,gamma_0.0,350,spike,3.0,1.0,12.745
Gaussian,linear,gamma_0.25,350,spike,3.0,1.0,10.320668693009118
Gaussian,linear,gamma_0.45,350,spike,3.0,1.0,9.922751322751322
Gaussian,linear,log,350,spike,3.0,1.0,21.838
Gaussian,linear,gamma_0.0,350,spike,3.5,1.0,12.173259889834751
Gaussian,linear,gamma_0.25,350,spike,3.5,1.0,9.955949367088607
Gaussian,linear,gamma_0.45,350,spike,3.5,1.0,9.513024986709198
Gaussian,linear,log,350,spike,3.5,1.0,20.8395
Gaussian,linear,gamma_0.0,350,spike,4.0,1.0,11.6685
Gaussian,linear,gamma_0.25,350,spike,4.0,1.0,9.416624429802331
Gaussian,linear,gamma_0.45,350,spike,4.0,1.0,9.005313496280552
Gaussian,linear,log,350,spike,4.0,1.0,20.0525
Gaussian,linear,gamma_0.0,450,inflation,1.1,0.9925,133.1575975359343
Gaussian,linear,gamma_0.25,450,inflation,1.1,0.98,144.99946438136047
Gaussian,linear,gamma_0.45,450,inflation,1.1,0.896,186.5048602673147
Gaussian,linear,log,450,inflation,1.1,0.9725,211.63290488431878
Gaussian,linear,gamma_0.0,450,inflation,1.2,1.0,52.217213114754095
Gaussian,linear,gamma_0.25,450,inflation,1.2,1.0,52.60839895013123
Gaussian,linear,gamma_0.45,450,inflation,1.2,1.0,62.72707423580786
Gaussian,linear,log,450,inflation,1.2,1.0,82.14607303651826
Gaussian,linear,gamma_0.0,450,inflation,1.3,1.0,32.083504098360656
Gaussian,linear,gamma_0.25,450,inflation,1.3,1.0,31.984067976633032
Gaussian,linear,gamma_0.45,450,inflation,1.3,1.0,36.78824169842134
Gaussian,linear,log,450,inflation,1.3,1.0,50.253
Gaussian,linear,gamma_0.0,450,inflation,1.4,1.0,23.685071574642127
Gaussian,linear,gamma_0.25,450,inflation,1.4,1.0,23.284886782517113
Gaussian,linear,gamma_0.45,450,inflation,1.4,1.0,26.381614110101548
Gaussian,linear,log,450,inflation,1.4,1.0,36.774
Gaussian,linear,gamma_0.0,450,inflation,1.5,1.0,18.73082783138649
Gaussian,linear,gamma_0.25,450,inflation,1.5,1.0,18.398950131233597
Gaussian,linear,gamma_0.45,450,inflation,1.5,1.0,20.64207650273224
Gaussian,linear,log,450,inflation,1.5,1.0,28.8915
Gaussian,linear,gamma_0.0,450,ar1,0.1,1.0,9.053708439897699
Gaussian,linear,gamma_0.25,450,ar1,0.1,1.0,8.792323869610936
Gaussian,linear,gamma_0.45,450,ar1,0.1,1.0,9.801733477789815
Gaussian,linear,log,450,ar1,0.1,1.0,13.8945
Gaussian,linear,gamma_0.0,450,ar1,0.3,1.0,9.202551020408164
Gaussian,linear,gamma_0.25,450,ar1,0.3,1.0,8.965189873417721
Gaussian,linear,gamma_0.45,450,ar1,0.3,1.0,9.869327501366866
Gaussian,linear,log,450,ar1,0.3,1.0,14.03
Gaussian,linear,gamma_0.0,450,ar1,0.5,1.0,9.237730061349692
Gaussian,linear,gamma_0.25,450,ar1,0.5,1.0,8.977344573234983
Gaussian,linear,gamma_0.45,450,ar1,0.5,1.0,9.975662520281233
Gaussian,linear,log,450,ar1,0.5,1.0,14.082
Gaussian,linear,gamma_0.0,450,ar1,0.7,1.0,9.172431332655137
Gaussian,linear,gamma_0.25,450,ar1,0.7,1.0,8.964564877540386
Gaussian,linear,gamma_0.45,450,ar1,0.7,1.0,9.8948772678762
Gaussian,linear,log,450,ar1,0.7,1.0,13.9475
Gaussian,linear,gamma_0.0,450,ar1,0.9,1.0,9.270833333333334
Gaussian,linear,gamma_0.25,450,ar1,0.9,1.0,9.022477783585991
Gaussian,linear,gamma_0.45,450,ar1,0.9,1.0,9.999457700650758
Gaussian,linear,log,450,ar1,0.9,1.0,14.1225
Gaussian,linear,gamma_0.0,450,spike,2.0,1.0,17.819387755102042
Gaussian,linear,gamma_0.25,450,spike,2.0,1.0,17.4968487394958
Gaussian,linear,gamma_0.45,450,spike,2.0,1.0,19.71801850843767
Gaussian,linear,log,450,spike,2.0,1.0,27.45
Gaussian,linear,gamma_0.0,450,spike,2.5,1.0,16.736012207527974
Gaussian,linear,gamma_0.25,450,spike,2.5,1.0,16.417235943247505
Gaussian,linear,gamma_0.45,450,spike,2.5,1.0,18.420140768814292
Gaussian,linear,log,450,spike,2.5,1.0,25.907
Gaussian,linear,gamma_0.0,450,spike,3.0,1.0,16.20051020408163
Gaussian,linear,gamma_0.25,450,spike,3.0,1.0,15.81400208986416
Gaussian,linear,gamma_0.45,450,spike,3.0,1.0,17.627228525121556
Gaussian,linear,log,450,spike,3.0,1.0,24.8155
Gaussian,linear,gamma_0.0,450,spike,3.5,1.0,15.25370086778969
Gaussian,linear,gamma_0.25,450,spike,3.5,1.0,14.932382461701003
Gaussian,linear,gamma_0.45,450,spike,3.5,1.0,16.718157181571815
Gaussian,linear,log,450,spike,3.5,1.0,23.542
Gaussian,linear,gamma_0.0,450,spike,4.0,1.0,14.615188583078492
Gaussian,linear,gamma_0.25,450,spike,4.0,1.0,14.348302872062662
Gaussian,linear,gamma_0.45,450,spike,4.0,1.0,16.054861488321563
Gaussian,linear,log,450,spike,4.0,1.0,22.614
Gaussian,linear,gamma_0.0,550,inflation,1.1,0.9745,157.06073521576985
Gaussian,linear,gamma_0.25,550,inflation,1.1,0.942,179.0593891402715
Gaussian,linear,gamma_0.45,550,inflation,1.1,0.7685,223.81390296886315
Gaussian,linear,log,550,inflation,1.1,0.9405,216.90159574468086
Gaussian,linear,gamma_0.0,550,inflation,1.2,1.0,63.04216553878189
Gaussian,linear,gamma_0.25,550,inflation,1.2,1.0,68.4753053637812
Gaussian,linear,gamma_0.45,550,inflation,1.2,1.0,86.84792122538293
Gaussian,linear,log,550,inflation,1.2,1.0,89.56228114057029
Gaussian,linear,gamma_0.0,550,inflation,1.3,1.0,39.43929129755081
Gaussian,linear,gamma_0.25,550,inflation,1.3,1.0,42.07708779443255
Gaussian,linear,gamma_0.45,550,inflation,1.3,1.0,51.54307524536532
Gaussian,linear,log,550,inflation,1.3,1.0,56.168668668668666
Gaussian,linear,gamma_0.0,550,inflation,1.4,1.0,28.02947259565667
Gaussian,linear,gamma_0.25,550,inflation,1.4,1.0,29.77332630469162
Gaussian,linear,gamma_0.45,550,inflation,1.4,1.0,35.97894168466523
Gaussian,linear,log,550,inflation,1.4,1.0,39.948422633950926
Gaussian,linear,gamma_0.0,550,inflation,1.5,1.0,22.363541666666666
Gaussian,linear,gamma_0.25,550,inflation,1.5,1.0,23.61830835117773
Gaussian,linear,gamma_0.45,550,inflation,1.5,1.0,28.37192790824686
Gaussian,linear,log,550,inflation,1.5,1.0,31.685027541311968
Gaussian,linear,gamma_0.0,550,ar1,0.1,1.0,11.15452653485952
Gaussian,linear,gamma_0.25,550,ar1,0.1,1.0,11.697649572649572
Gaussian,linear,gamma_0.45,550,ar1,0.1,1.0,13.789843327930848
Gaussian,linear,log,550,ar1,0.1,1.0,15.723361680840421
Gaussian,linear,gamma_0.0,550,ar1,0.3,1.0,11.13451511991658
Gaussian,linear,gamma_0.25,550,ar1,0.3,1.0,11.650776647027316
Gaussian,linear,gamma_0.45,550,ar1,0.3,1.0,13.697571743929359
Gaussian,linear,log,550,ar1,0.3,1.0,15.69184592296148
Gaussian,linear,gamma_0.0,550,ar1,0.5,1.0,10.930873180873181
Gaussian,linear,gamma_0.25,550,ar1,0.5,1.0,11.433011789924974
Gaussian,linear,gamma_0.45,550,ar1,0.5,1.0,13.452912357103974
Gaussian,linear,log,550,ar1,0.5,1.0,15.461730865432717
Gaussian,linear,gamma_0.0,550,ar1,0.7,1.0,11.073940020682523
Gaussian,linear,gamma_0.25,550,ar1,0.7,1.0,11.576700052714813
Gaussian,linear,gamma_0.45,550,ar1,0.7,1.0,13.657980456026058
Gaussian,linear,log,550,ar1,0.7,1.0,15.655155155155155
Gaussian,linear,gamma_0.0,550,ar1,0.9,1.0,11.263295099061523
Gaussian,linear,gamma_0.25,550,ar1,0.9,1.0,11.781083953241232
Gaussian,linear,gamma_0.45,550,ar1,0.9,1.0,13.841020075963103
Gaussian,linear,log,550,ar1,0.9,1.0,15.723361680840421
Gaussian,linear,gamma_0.0,550,spike,2.0,1.0,21.23950233281493
Gaussian,linear,gamma_0.25,550,spike,2.0,1.0,22.412639405204462
Gaussian,linear,gamma_0.45,550,spike,2.0,1.0,26.781453362255967
Gaussian,linear,log,550,spike,2.0,1.0,30.263131565782892
Gaussian,linear,gamma_0.0,550,spike,2.5,1.0,20.24948132780083
Gaussian,linear,gamma_0.25,550,spike,2.5,1.0,21.3517130620985
Gaussian,linear,gamma_0.45,550,spike,2.5,1.0,25.463441451346895
Gaussian,linear,log,550,spike,2.5,1.0,28.6785
Gaussian,linear,gamma_0.0,550,spike,3.0,1.0,19.70197300103842
Gaussian,linear,gamma_0.25,550,spike,3.0,1.0,20.725344644750795
Gaussian,linear,gamma_0.45,550,spike,3.0,1.0,24.743013698630136
Gaussian,linear,log,550,spike,3.0,1.0,27.8145
Gaussian,linear,gamma_0.0,550,spike,3.5,1.0,18.86062176165803
Gaussian,linear,gamma_0.25,550,spike,3.5,1.0,19.8040361125863
Gaussian,linear,gamma_0.45,550,spike,3.5,1.0,23.572357723577237
Gaussian,linear,log,550,spike,3.5,1.0,26.6048024012006
Gaussian,linear,gamma_0.0,550,spike,4.0,1.0,17.755578619615985
Gaussian,linear,gamma_0.25,550,spike,4.0,1.0,18.69655172413793
Gaussian,linear,gamma_0.45,550,spike,4.0,1.0,22.165943600867678
Gaussian,linear,log,550,spike,4.0,1.0,24.991987981972958
Gaussian,log,gamma_0.0,350,inflation,1.1,1.0,53.96096096096096
Gaussian,log,gamma_0.25,350,inflation,1.1,1.0,46.52857865452706
Gaussian,log,gamma_0.45,350,inflation,1.1,1.0,50.17326994189118
Gaussian,log,log,350,inflation,1.1,1.0,102.9125
Gaussian,log,gamma_0.0,350,inflation,1.2,1.0,24.331
Gaussian,log,gamma_0.25,350,inflation,1.2,1.0,19.783947501261988
Gaussian,log,gamma_0.45,350,inflation,1.2,1.0,19.41404612159329
Gaussian,log,log,350,inflation,1.2,1.0,44.323
Gaussian,log,gamma_0.0,350,inflation,1.3,1.0,16.1025
Gaussian,log,gamma_0.25,350,inflation,1.3,1.0,12.990408884401818
Gaussian,log,gamma_0.45,350,inflation,1.3,1.0,12.50601150026137
Gaussian,log,log,350,inflation,1.3,1.0,28.7145
Gaussian,log,gamma_0.0,350,inflation,1.4,1.0,12.102051025512756
Gaussian,log,gamma_0.25,350,inflation,1.4,1.0,9.72022301064369
Gaussian,log,gamma_0.45,350,inflation,1.4,1.0,9.316596194503171
Gaussian,log,log,350,inflation,1.4,1.0,21.419
Gaussian,log,gamma_0.0,350,inflation,1.5,1.0,9.874437218609305
Gaussian,log,gamma_0.25,350,inflation,1.5,1.0,7.862854251012146
Gaussian,log,gamma_0.45,350,inflation,1.5,1.0,7.513910761154856
Gaussian,log,log,350,inflation,1.5,1.0,17.3095
Gaussian,log,gamma_0.0,350,ar1,0.1,1.0,5.3675
Gaussian,log,gamma_0.25,350,ar1,0.1,1.0,4.296202531645569
Gaussian,log,gamma_0.45,350,ar1,0.1,1.0,4.0664556962025316
Gaussian,log,log,350,ar1,0.1,1.0,9.159
Gaussian,log,gamma_0.0,350,ar1,0.3,1.0,5.3615
Gaussian,log,gamma_0.25,350,ar1,0.3,1.0,4.284056508577195
Gaussian,log,gamma_0.45,350,ar1,0.3,1.0,4.051335777894185
Gaussian,log,log,350,ar1,0.3,1.0,9.172
Gaussian,log,gamma_0.0,350,ar1,0.5,1.0,5.313156578289145
Gaussian,log,gamma_0.25,350,ar1,0.5,1.0,4.233870967741935
Gaussian,log,gamma_0.45,350,ar1,0.5,1.0,4.02735402419779
Gaussian,log,log,350,ar1,0.5,1.0,9.133
Gaussian,log,gamma_0.0,350,ar1,0.7,1.0,5.424212106053027
Gaussian,log,gamma_0.25,350,ar1,0.7,1.0,4.306215260232441
Gaussian,log,gamma_0.45,350,ar1,0.7,1.0,4.08
Gaussian,log,log,350,ar1,0.7,1.0,9.31
Gaussian,log,gamma_0.0,350,ar1,0.9,1.0,5.571785892946473
Gaussian,log,gamma_0.25,350,ar1,0.9,1.0,4.443825910931174
Gaussian,log,gamma_0.45,350,ar1,0.9,1.0,4.186910994764398
Gaussian,log,log,350,ar1,0.9,1.0,9.7445
Gaussian,log,gamma_0.0,350,spike,2.0,1.0,9.528764382191095
Gaussian,log,gamma_0.25,350,spike,2.0,1.0,7.584638706417382
Gaussian,log,gamma_0.45,350,spike,2.0,1.0,7.222396650968079
Gaussian,log,log,350,spike,2.0,1.0,16.5785
Gaussian,log,gamma_0.0,350,spike,2.5,1.0,9.048548548548549
Gaussian,log,gamma_0.25,350,spike,2.5,1.0,7.206149193548387
Gaussian,log,gamma_0.45,350,spike,2.5,1.0,6.847983453981386
Gaussian,log,log,350,spike,2.5,1.0,15.8625
Gaussian,log,gamma_0.0,350,spike,3.0,1.0,8.5895
Gaussian,log,gamma_0.25,350,spike,3.0,1.0,6.8593829033889735
Gaussian,log,gamma_0.45,350,spike,3.0,1.0,6.538257173219979
Gaussian,log,log,350,spike,3.0,1.0,15.0775
Gaussian,log,gamma_0.0,350,spike,3.5,1.0,8.3335
Gaussian,log,gamma_0.25,350,spike,3.5,1.0,6.62474645030426
Gaussian,log,gamma_0.45,350,spike,3.5,1.0,6.283995815899582
Gaussian,log,log,350,spike,3.5,1.0,14.573
Gaussian,log,gamma_0.0,350,spike,4.0,1.0,8.0625
Gaussian,log,gamma_0.25,350,spike,4.0,1.0,6.4084934277047525
Gaussian,log,gamma_0.45,350,spike,4.0,1.0,6.089016137428422
Gaussian,log,log,350,spike,4.0,1.0,14.1125
Gaussian,log,gamma_0.0,450,inflation,1.1,1.0,63.8664627930683
Gaussian,log,gamma_0.25,450,inflation,1.1,1.0,66.07668231611893
Gaussian,log,gamma_0.45,450,inflation,1.1,1.0,82.9206602768903
Gaussian,log,log,450,inflation,1.1,1.0,104.7705
Gaussian,log,gamma_0.0,450,inflation,1.2,1.0,29.149566105155692
Gaussian,log,gamma_0.25,450,inflation,1.2,1.0,29.17295597484277
Gaussian,log,gamma_0.45,450,inflation,1.2,1.0,33.83162990855298
Gaussian,log,log,450,inflation,1.2,1.0,47.001
Gaussian,log,gamma_0.0,450,inflation,1.3,1.0,18.833672431332655
Gaussian,log,gamma_0.25,450,inflation,1.3,1.0,18.649086161879897
Gaussian,log,gamma_0.45,450,inflation,1.3,1.0,21.09569892473118
Gaussian,log,log,450,inflation,1.3,1.0,30.3125
Gaussian,log,gamma_0.0,450,inflation,1.4,1.0,13.965833758286589
Gaussian,log,gamma_0.25,450,inflation,1.4,1.0,13.687272727272727
Gaussian,log,gamma_0.45,450,inflation,1.4,1.0,15.5343716433942
Gaussian,log,log,450,inflation,1.4,1.0,22.4885
Gaussian,log,gamma_0.0,450,inflation,1.5,1.0,11.446373850868232
Gaussian,log,gamma_0.25,450,inflation,1.5,1.0,11.210581456259822
Gaussian,log,gamma_0.45,450,inflation,1.5,1.0,12.539079229122056
Gaussian,log,log,450,inflation,1.5,1.0,18.084
Gaussian,log,gamma_0.0,450,ar1,0.1,1.0,6.033333333333333
Gaussian,log,gamma_0.25,450,ar1,0.1,1.0,5.857740585774058
Gaussian,log,gamma_0.45,450,ar1,0.1,1.0,6.536545749864645
Gaussian,log,log,450,ar1,0.1,1.0,9.3915
Gaussian,log,gamma_0.0,450,ar1,0.3,1.0,6.062181447502549
Gaussian,log,gamma_0.25,450,ar1,0.3,1.0,5.953621677957269
Gaussian,log,gamma_0.45,450,ar1,0.3,1.0,6.5856
Gaussian,log,log,450,ar1,0.3,1.0,9.468
Gaussian,log,gamma_0.0,450,ar1,0.5,1.0,6.090677534386144
Gaussian,log,gamma_0.25,450,ar1,0.5,1.0,5.902388369678089
Gaussian,log,gamma_0.45,450,ar1,0.5,1.0,6.571428571428571
Gaussian,log,log,450,ar1,0.5,1.0,9.496
Gaussian,log,gamma_0.0,450,ar1,0.7,1.0,6.043081601621895
Gaussian,log,gamma_0.25,450,ar1,0.7,1.0,5.905036726128017
Gaussian,log,gamma_0.45,450,ar1,0.7,1.0,6.544618712817739
Gaussian,log,log,450,ar1,0.7,1.0,9.540270135067534
Gaussian,log,gamma_0.0,450,ar1,0.9,1.0,6.295939086294417
Gaussian,log,gamma_0.25,450,ar1,0.9,1.0,6.128630705394191
Gaussian,log,gamma_0.45,450,ar1,0.9,1.0,6.796147672552167
Gaussian,log,log,450,ar1,0.9,1.0,9.967
Gaussian,log,gamma_0.0,450,spike,2.0,1.0,10.791476407914764
Gaussian,log,gamma_0.25,450,spike,2.0,1.0,10.56793336803748
Gaussian,log,gamma_0.45,450,spike,2.0,1.0,11.814558979808714
Gaussian,log,log,450,spike,2.0,1.0,17.1925
Gaussian,log,gamma_0.0,450,spike,2.5,1.0,10.19197562214322
Gaussian,log,gamma_0.25,450,spike,2.5,1.0,9.992681651855724
Gaussian,log,gamma_0.45,450,spike,2.5,1.0,11.189247311827957
Gaussian,log,log,450,spike,2.5,1.0,16.2605
Gaussian,log,gamma_0.0,450,spike,3.0,1.0,10.063355296502788
Gaussian,log,gamma_0.25,450,spike,3.0,1.0,9.87061288632792
Gaussian,log,gamma_0.45,450,spike,3.0,1.0,11.028861571352218
Gaussian,log,log,450,spike,3.0,1.0,15.9565
Gaussian,log,gamma_0.0,450,spike,3.5,1.0,9.675165731769505
Gaussian,log,gamma_0.25,450,spike,3.5,1.0,9.47696335078534
Gaussian,log,gamma_0.45,450,spike,3.5,1.0,10.599244875943905
Gaussian,log,log,450,spike,3.5,1.0,15.2645
Gaussian,log,gamma_0.0,450,spike,4.0,1.0,9.257491112239716
Gaussian,log,gamma_0.25,450,spike,4.0,1.0,9.071615263983272
Gaussian,log,gamma_0.45,450,spike,4.0,1.0,10.099893730074388
Gaussian,log,log,450,spike,4.0,1.0,14.692
Gaussian,log,gamma_0.0,550,inflation,1.1,1.0,75.64644351464435
Gaussian,log,gamma_0.25,550,inflation,1.1,1.0,84.50187065740246
Gaussian,log,gamma_0.45,550,inflation,1.1,0.9995,112.05929919137466
Gaussian,log,log,550,inflation,1.1,1.0,109.45991983967936
Gaussian,log,gamma_0.0,550,inflation,1.2,1.0,33.835929387331255
Gaussian,log,gamma_0.25,550,inflation,1.2,1.0,36.49946921443737
Gaussian,log,gamma_0.45,550,inflation,1.2,1.0,45.035021551724135
Gaussian,log,log,550,inflation,1.2,1.0,49.330665332666335
Gaussian,log,gamma_0.0,550,inflation,1.3,1.0,22.182194616977224
Gaussian,log,gamma_0.25,550,inflation,1.3,1.0,23.594080338266384
Gaussian,log,gamma_0.45,550,inflation,1.3,1.0,28.613232920925228
Gaussian,log,log,550,inflation,1.3,1.0,32.173
Gaussian,log,gamma_0.0,550,inflation,1.4,1.0,16.600206611570247
Gaussian,log,gamma_0.25,550,inflation,1.4,1.0,17.682154171066525
Gaussian,log,gamma_0.45,550,inflation,1.4,1.0,21.228740581270184
Gaussian,log,log,550,inflation,1.4,1.0,24.165165165165167
Gaussian,log,gamma_0.0,550,inflation,1.5,1.0,13.2711157455683
Gaussian,log,gamma_0.25,550,inflation,1.5,1.0,14.04162219850587
Gaussian,log,gamma_0.45,550,inflation,1.5,1.0,16.836012861736336
Gaussian,log,log,550,inflation,1.5,1.0,19.1305
Gaussian,log,gamma_0.0,550,ar1,0.1,1.0,6.993746743095362
Gaussian,log,gamma_0.25,550,ar1,0.1,1.0,7.384244372990354
Gaussian,log,gamma_0.45,550,ar1,0.1,1.0,8.691472026072786
Gaussian,log,log,550,ar1,0.1,1.0,9.97
Gaussian,log,gamma_0.0,550,ar1,0.3,1.0,6.991155046826223
Gaussian,log,gamma_0.25,550,ar1,0.3,1.0,7.3500266382525306
Gaussian,log,gamma_0.45,550,ar1,0.3,1.0,8.633947939262473
Gaussian,log,log,550,ar1,0.3,1.0,9.965965965965966
Gaussian,log,gamma_0.0,550,ar1,0.5,1.0,6.930026109660575
Gaussian,log,gamma_0.25,550,ar1,0.5,1.0,7.271474019088017
Gaussian,log,gamma_0.45,550,ar1,0.5,1.0,8.602254428341384
Gaussian,log,log,550,ar1,0.5,1.0,9.930965482741371
Gaussian,log,gamma_0.0,550,ar1,0.7,1.0,7.13164687661332
Gaussian,log,gamma_0.25,550,ar1,0.7,1.0,7.471827277514481
Gaussian,log,gamma_0.45,550,ar1,0.7,1.0,8.840750670241286
Gaussian,log,log,550,ar1,0.7,1.0,10.200600300150075
Gaussian,log,gamma_0.0,550,ar1,0.9,1.0,7.190376569037657
Gaussian,log,gamma_0.25,550,ar1,0.9,1.0,7.553714591127739
Gaussian,log,gamma_0.45,550,ar1,0.9,1.0,8.942903752039152
Gaussian,log,log,550,ar1,0.9,1.0,10.363863863863864
Gaussian,log,gamma_0.0,550,spike,2.0,1.0,12.58143153526971
Gaussian,log,gamma_0.25,550,spike,2.0,1.0,13.303364879074659
Gaussian,log,gamma_0.45,550,spike,2.0,1.0,15.838622915545992
Gaussian,log,log,550,spike,2.0,1.0,18.135567783891947
Gaussian,log,gamma_0.0,550,spike,2.5,1.0,12.073996873371547
Gaussian,log,gamma_0.25,550,spike,2.5,1.0,12.768092974115161
Gaussian,log,gamma_0.45,550,spike,2.5,1.0,15.211777417612101
Gaussian,log,log,550,spike,2.5,1.0,17.46623311655828
Gaussian,log,gamma_0.0,550,spike,3.0,1.0,11.64654282765738
Gaussian,log,gamma_0.25,550,spike,3.0,1.0,12.305057955742887
Gaussian,log,gamma_0.45,550,spike,3.0,1.0,14.672210300429185
Gaussian,log,log,550,spike,3.0,1.0,16.806613226452907
Gaussian,log,gamma_0.0,550,spike,3.5,1.0,11.318158303155716
Gaussian,log,gamma_0.25,550,spike,3.5,1.0,11.950871632329635
Gaussian,log,gamma_0.45,550,spike,3.5,1.0,14.222462203023758
Gaussian,log,log,550,spike,3.5,1.0,16.294294294294293
Gaussian,log,gamma_0.0,550,spike,4.0,1.0,10.659090909090908
Gaussian,log,gamma_0.25,550,spike,4.0,1.0,11.27181385510312
Gaussian,log,gamma_0.45,550,spike,4.0,1.0,13.4
Gaussian,log,log,550,spike,4.0,1.0,15.42
Gaussian,mix,gamma_0.0,350,inflation,1.1,0.9985,98.90135202804207
Gaussian,mix,gamma_0.25,350,inflation,1.1,0.9955,91.73641442356526
Gaussian,mix,gamma_0.45,350,inflation,1.1,0.9705,107.91526344378056
Gaussian,mix,log,350,inflation,1.1,0.987,194.3485309017224
Gaussian,mix,gamma_0.0,350,inflation,1.2,1.0,37.21710855427714
Gaussian,mix,gamma_0.25,350,inflation,1.2,1.0,31.51951343132286
Gaussian,mix,gamma_0.45,350,inflation,1.2,1.0,31.86663124335813
Gaussian,mix,log,350,inflation,1.2,1.0,67.3525
Gaussian,mix,gamma_0.0,350,inflation,1.3,1.0,23.32366183091546
Gaussian,mix,gamma_0.25,350,inflation,1.3,1.0,19.2
Gaussian,mix,gamma_0.45,350,inflation,1.3,1.0,18.865892291446674
Gaussian,mix,log,350,inflation,1.3,1.0,41.274
Gaussian,mix,gamma_0.0,350,inflation,1.4,1.0,17.12912912912913
Gaussian,mix,gamma_0.25,350,inflation,1.4,1.0,14.092432706957847
Gaussian,mix,gamma_0.45,350,inflation,1.4,1.0,13.629433562731604
Gaussian,mix,log,350,inflation,1.4,1.0,29.8745
Gaussian,mix,gamma_0.0,350,inflation,1.5,1.0,13.735102653980972
Gaussian,mix,gamma_0.25,350,inflation,1.5,1.0,11.211567732115677
Gaussian,mix,gamma_0.45,350,inflation,1.5,1.0,10.784877529286476
Gaussian,mix,log,350,inflation,1.5,1.0,23.624
Gaussian,mix,gamma_0.0,350,ar1,0.1,1.0,6.8545
Gaussian,mix,gamma_0.25,350,ar1,0.1,1.0,5.536980749746707
Gaussian,mix,gamma_0.45,350,ar1,0.1,1.0,5.270712401055409
Gaussian,mix,log,350,ar1,0.1,1.0,11.551
Gaussian,mix,gamma_0.0,350,ar1,0.3,1.0,6.898398398398398
Gaussian,mix,gamma_0.25,350,ar1,0.3,1.0,5.578037620742247
Gaussian,mix,gamma_0.45,350,ar1,0.3,1.0,5.303495762711864
Gaussian,mix,log,350,ar1,0.3,1.0,11.574
Gaussian,mix,gamma_0.0,350,ar1,0.5,1.0,6.837
Gaussian,mix,gamma_0.25,350,ar1,0.5,1.0,5.518481012658228
Gaussian,mix,gamma_0.45,350,ar1,0.5,1.0,5.231784582893347
Gaussian,mix,log,350,ar1,0.5,1.0,11.545
Gaussian,mix,gamma_0.0,350,ar1,0.7,1.0,6.926426426426427
Gaussian,mix,gamma_0.25,350,ar1,0.7,1.0,5.607088607594937
Gaussian,mix,gamma_0.45,350,ar1,0.7,1.0,5.348837209302325
Gaussian,mix,log,350,ar1,0.7,1.0,11.684
Gaussian,mix,gamma_0.0,350,ar1,0.9,1.0,7.0880440220110055
Gaussian,mix,gamma_0.25,350,ar1,0.9,1.0,5.73630831643002
Gaussian,mix,gamma_0.45,350,ar1,0.9,1.0,5.458377239199157
Gaussian,mix,log,350,ar1,0.9,1.0,11.824
Gaussian,mix,gamma_0.0,350,spike,2.0,1.0,13.01000500250125
Gaussian,mix,gamma_0.25,350,spike,2.0,1.0,10.573886639676113
Gaussian,mix,gamma_0.45,350,spike,2.0,1.0,10.127693116132422
Gaussian,mix,log,350,spike,2.0,1.0,22.402
Gaussian,mix,gamma_0.0,350,spike,2.5,1.0,12.2955
Gaussian,mix,gamma_0.25,350,spike,2.5,1.0,10.014668689934243
Gaussian,mix,gamma_0.45,350,spike,2.5,1.0,9.598223615464995
Gaussian,mix,log,350,spike,2.5,1.0,21.1955
Gaussian,mix,gamma_0.0,350,spike,3.0,1.0,11.722
Gaussian,mix,gamma_0.25,350,spike,3.0,1.0,9.448432760364003
Gaussian,mix,gamma_0.45,350,spike,3.0,1.0,9.052603892688058
Gaussian,mix,log,350,spike,3.0,1.0,20.207
Gaussian,mix,gamma_0.0,350,spike,3.5,1.0,11.42413620430646
Gaussian,mix,gamma_0.25,350,spike,3.5,1.0,9.219462747085656
Gaussian,mix,gamma_0.45,350,spike,3.5,1.0,8.86380498145204
Gaussian,mix,log,350,spike,3.5,1.0,19.571
Gaussian,mix,gamma_0.0,350,spike,4.0,1.0,10.9485
Gaussian,mix,gamma_0.25,350,spike,4.0,1.0,8.898887765419616
Gaussian,mix,gamma_0.45,350,spike,4.0,1.0,8.523708044752265
Gaussian,mix,log,350,spike,4.0,1.0,18.7595
Gaussian,mix,gamma_0.0,450,inflation,1.1,0.997,118.15924219150025
Gaussian,mix,gamma_0.25,450,inflation,1.1,0.9925,128.4893730074389
Gaussian,mix,gamma_0.45,450,inflation,1.1,0.9455,170.54221711659966
Gaussian,mix,log,450,inflation,1.1,0.987,190.06183476938673
Gaussian,mix,gamma_0.0,450,inflation,1.2,1.0,47.3159229208925
Gaussian,mix,gamma_0.25,450,inflation,1.2,1.0,47.67137624280481
Gaussian,mix,gamma_0.45,450,inflation,1.2,1.0,56.474114441416894
Gaussian,mix,log,450,inflation,1.2,1.0,73.9665
Gaussian,mix,gamma_0.0,450,inflation,1.3,1.0,29.606230847803882
Gaussian,mix,gamma_0.25,450,inflation,1.3,1.0,29.38077731092437
Gaussian,mix,gamma_0.45,450,inflation,1.3,1.0,33.81453362255965
Gaussian,mix,log,450,inflation,1.3,1.0,46.2215
Gaussian,mix,gamma_0.0,450,inflation,1.4,1.0,21.26930894308943
Gaussian,mix,gamma_0.25,450,inflation,1.4,1.0,21.044979079497907
Gaussian,mix,gamma_0.45,450,inflation,1.4,1.0,23.758116883116884
Gaussian,mix,log,450,inflation,1.4,1.0,33.125062531265634
Gaussian,mix,gamma_0.0,450,inflation,1.5,1.0,16.92700357325166
Gaussian,mix,gamma_0.25,450,inflation,1.5,1.0,16.60511215440793
Gaussian,mix,gamma_0.45,450,inflation,1.5,1.0,18.672264355362948
Gaussian,mix,log,450,inflation,1.5,1.0,26.3745
Gaussian,mix,gamma_0.0,450,ar1,0.1,1.0,8.657157412124299
Gaussian,mix,gamma_0.25,450,ar1,0.1,1.0,8.438845144356955
Gaussian,mix,gamma_0.45,450,ar1,0.1,1.0,9.31195652173913
Gaussian,mix,log,450,ar1,0.1,1.0,13.1235
Gaussian,mix,gamma_0.0,450,ar1,0.3,1.0,8.518140010219724
Gaussian,mix,gamma_0.25,450,ar1,0.3,1.0,8.308870116156283
Gaussian,mix,gamma_0.45,450,ar1,0.3,1.0,9.213507625272332
Gaussian,mix,log,450,ar1,0.3,1.0,13.0315
Gaussian,mix,gamma_0.0,450,ar1,0.5,1.0,8.507621951219512
Gaussian,mix,gamma_0.25,450,ar1,0.5,1.0,8.299158780231336
Gaussian,mix,gamma_0.45,450,ar1,0.5,1.0,9.166666666666666
Gaussian,mix,log,450,ar1,0.5,1.0,13.012506253126563
Gaussian,mix,gamma_0.0,450,ar1,0.7,1.0,8.560142711518859
Gaussian,mix,gamma_0.25,450,ar1,0.7,1.0,8.366263794009459
Gaussian,mix,gamma_0.45,450,ar1,0.7,1.0,9.25095680699836
Gaussian,mix,log,450,ar1,0.7,1.0,13.0545
Gaussian,mix,gamma_0.0,450,ar1,0.9,1.0,8.674134419551935
Gaussian,mix,gamma_0.25,450,ar1,0.9,1.0,8.42901878914405
Gaussian,mix,gamma_0.45,450,ar1,0.9,1.0,9.339805825242719
Gaussian,mix,log,450,ar1,0.9,1.0,13.2795
Gaussian,mix,gamma_0.0,450,spike,2.0,1.0,16.078132927447996
Gaussian,mix,gamma_0.25,450,spike,2.0,1.0,15.812467532467533
Gaussian,mix,gamma_0.45,450,spike,2.0,1.0,17.73135135135135
Gaussian,mix,log,450,spike,2.0,1.0,24.9155
Gaussian,mix,gamma_0.0,450,spike,2.5,1.0,15.32924335378323
Gaussian,mix,gamma_0.25,450,spike,2.5,1.0,15.065126050420169
Gaussian,mix,gamma_0.45,450,spike,2.5,1.0,16.835861321776814
Gaussian,mix,log,450,spike,2.5,1.0,23.7675
Gaussian,mix,gamma_0.0,450,spike,3.0,1.0,14.76530612244898
Gaussian,mix,gamma_0.25,450,spike,3.0,1.0,14.471668415529905
Gaussian,mix,gamma_0.45,450,spike,3.0,1.0,16.178436657681942
Gaussian,mix,log,450,spike,3.0,1.0,22.742
Gaussian,mix,gamma_0.0,450,spike,3.5,1.0,14.468606431852987
Gaussian,mix,gamma_0.25,450,spike,3.5,1.0,14.17192429022082
Gaussian,mix,gamma_0.45,450,spike,3.5,1.0,15.808026030368763
Gaussian,mix,log,450,spike,3.5,1.0,22.1895
Gaussian,mix,gamma_0.0,450,spike,4.0,1.0,13.629667519181586
Gaussian,mix,gamma_0.25,450,spike,4.0,1.0,13.353935552033809
Gaussian,mix,gamma_0.45,450,spike,4.0,1.0,14.861917808219179
Gaussian,mix,log,450,spike,4.0,1.0,21.056
Gaussian,mix,gamma_0.0,550,inflation,1.1,0.993,140.6089676746611
Gaussian,mix,gamma_0.25,550,inflation,1.1,0.978,160.31151974040023
Gaussian,mix,gamma_0.45,550,inflation,1.1,0.863,205.7185089974293
Gaussian,mix,log,550,inflation,1.1,0.98,194.70867346938775
Gaussian,mix,gamma_0.0,550,inflation,1.2,1.0,55.99638055842813
Gaussian,mix,gamma_0.25,550,inflation,1.2,1.0,60.829281183932345
Gaussian,mix,gamma_0.45,550,inflation,1.2,1.0,76.50751879699249
Gaussian,mix,log,550,inflation,1.2,1.0,79.9493987975952
Gaussian,mix,gamma_0.0,550,inflation,1.3,1.0,35.39064935064935
Gaussian,mix,gamma_0.25,550,inflation,1.3,1.0,37.73219978746015
Gaussian,mix,gamma_0.45,550,inflation,1.3,1.0,45.99726626571897
Gaussian,mix,log,550,inflation,1.3,1.0,50.491
Gaussian,mix,gamma_0.0,550,inflation,1.4,1.0,26.18733783082512
Gaussian,mix,gamma_0.25,550,inflation,1.4,1.0,27.783970276008493
Gaussian,mix,gamma_0.45,550,inflation,1.4,1.0,33.288367012561444
Gaussian,mix,log,550,inflation,1.4,1.0,37.036518259129565
Gaussian,mix,gamma_0.0,550,inflation,1.5,1.0,20.522349272349274
Gaussian,mix,gamma_0.25,550,inflation,1.5,1.0,21.71276595744681
Gaussian,mix,gamma_0.45,550,inflation,1.5,1.0,25.911330049261085
Gaussian,mix,log,550,inflation,1.5,1.0,29.18
Gaussian,mix,gamma_0.0,550,ar1,0.1,1.0,10.263510036026762
Gaussian,mix,gamma_0.25,550,ar1,0.1,1.0,10.774855339295108
Gaussian,mix,gamma_0.45,550,ar1,0.1,1.0,12.67372421281216
Gaussian,mix,log,550,ar1,0.1,1.0,14.436218109054527
Gaussian,mix,gamma_0.0,550,ar1,0.3,1.0,10.434128630705395
Gaussian,mix,gamma_0.25,550,ar1,0.3,1.0,10.850951374207188
Gaussian,mix,gamma_0.45,550,ar1,0.3,1.0,12.714900484131253
Gaussian,mix,log,550,ar1,0.3,1.0,14.573786893446723
Gaussian,mix,gamma_0.0,550,ar1,0.5,1.0,10.200522193211489
Gaussian,mix,gamma_0.25,550,ar1,0.5,1.0,10.693953986088818
Gaussian,mix,gamma_0.45,550,ar1,0.5,1.0,12.569489685124864
Gaussian,mix,log,550,ar1,0.5,1.0,14.32016008004002
Gaussian,mix,gamma_0.0,550,ar1,0.7,1.0,10.275897969807392
Gaussian,mix,gamma_0.25,550,ar1,0.7,1.0,10.757961783439491
Gaussian,mix,gamma_0.45,550,ar1,0.7,1.0,12.632152588555858
Gaussian,mix,log,550,ar1,0.7,1.0,14.413706853426714
Gaussian,mix,gamma_0.0,550,ar1,0.9,1.0,10.313634007257646
Gaussian,mix,gamma_0.25,550,ar1,0.9,1.0,10.823779193205946
Gaussian,mix,gamma_0.45,550,ar1,0.9,1.0,12.626020685900926
Gaussian,mix,log,550,ar1,0.9,1.0,14.4755
Gaussian,mix,gamma_0.0,550,spike,2.0,1.0,19.43782383419689
Gaussian,mix,gamma_0.25,550,spike,2.0,1.0,20.580148619957537
Gaussian,mix,gamma_0.45,550,spike,2.0,1.0,24.549809471965162
Gaussian,mix,log,550,spike,2.0,1.0,27.7015
Gaussian,mix,gamma_0.0,550,spike,2.5,1.0,18.479937467430954
Gaussian,mix,gamma_0.25,550,spike,2.5,1.0,19.53411513859275
Gaussian,mix,gamma_0.45,550,spike,2.5,1.0,23.2619825708061
Gaussian,mix,log,550,spike,2.5,1.0,26.25062531265633
Gaussian,mix,gamma_0.0,550,spike,3.0,1.0,17.943376623376622
Gaussian,mix,gamma_0.25,550,spike,3.0,1.0,18.909814323607428
Gaussian,mix,gamma_0.45,550,spike,3.0,1.0,22.438891906572515
Gaussian,mix,log,550,spike,3.0,1.0,25.273773773773772
Gaussian,mix,gamma_0.0,550,spike,3.5,1.0,17.0665626625065
Gaussian,mix,gamma_0.25,550,spike,3.5,1.0,17.935397757608115
Gaussian,mix,gamma_0.45,550,spike,3.5,1.0,21.27967032967033
Gaussian,mix,log,550,spike,3.5,1.0,24.042
Gaussian,mix,gamma_0.0,550,spike,4.0,1.0,16.46542827657379
Gaussian,mix,gamma_0.25,550,spike,4.0,1.0,17.276809297411518
Gaussian,mix,gamma_0.45,550,spike,4.0,1.0,20.457544618712816
Gaussian,mix,log,550,spike,4.0,1.0,23.222611305652826
Uniform,linear,gamma_0.0,350,inflation,1.1,0.995,94.59889280322093
Uniform,linear,gamma_0.25,350,inflation,1.1,0.994,86.48028673835125
Uniform,linear,gamma_0.45,350,inflation,1.1,0.973,99.09060955518946
Uniform,linear,log,350,inflation,1.1,0.9845,183.467750126968
Uniform,linear,gamma_0.0,350,inflation,1.2,1.0,36.51503006012024
Uniform,linear,gamma_0.25,350,inflation,1.2,1.0,30.848223350253807
Uniform,linear,gamma_0.45,350,inflation,1.2,1.0,31.33069202324353
Uniform,linear,log,350,inflation,1.2,1.0,65.9425
Uniform,linear,gamma_0.0,350,inflation,1.3,1.0,22.8805
Uniform,linear,gamma_0.25,350,inflation,1.3,1.0,18.82994923857868
Uniform,linear,gamma_0.45,350,inflation,1.3,1.0,18.356576862123614
Uniform,linear,log,350,inflation,1.3,1.0,40.336
Uniform,linear,gamma_0.0,350,inflation,1.4,1.0,16.8425
Uniform,linear,gamma_0.25,350,inflation,1.4,1.0,13.804149797570851
Uniform,linear,gamma_0.45,350,inflation,1.4,1.0,13.32086406743941
Uniform,linear,log,350,inflation,1.4,1.0,29.102
Uniform,linear,gamma_0.0,350,inflation,1.5,1.0,13.201802704056083
Uniform,linear,gamma_0.25,350,inflation,1.5,1.0,10.71740233384069
Uniform,linear,gamma_0.45,350,inflation,1.5,1.0,10.283447911158117
Uniform,linear,log,350,inflation,1.5,1.0,22.723
Uniform,linear,gamma_0.0,350,ar1,0.1,1.0,6.672836418209105
Uniform,linear,gamma_0.25,350,ar1,0.1,1.0,5.414264036418817
Uniform,linear,gamma_0.45,350,ar1,0.1,1.0,5.142024377318495
Uniform,linear,log,350,ar1,0.1,1.0,11.121
Uniform,linear,gamma_0.0,350,ar1,0.3,1.0,6.549774887443722
Uniform,linear,gamma_0.25,350,ar1,0.3,1.0,5.318342597271349
Uniform,linear,gamma_0.45,350,ar1,0.3,1.0,5.058421052631579
Uniform,linear,log,350,ar1,0.3,1.0,11.0075
Uniform,linear,gamma_0.0,350,ar1,0.5,1.0,6.6685
Uniform,linear,gamma_0.25,350,ar1,0.5,1.0,5.367357251136938
Uniform,linear,gamma_0.45,350,ar1,0.5,1.0,5.090094836670179
Uniform,linear,log,350,ar1,0.5,1.0,11.1445
Uniform,linear,gamma_0.0,350,ar1,0.7,1.0,6.652979469203806
Uniform,linear,gamma_0.25,350,ar1,0.7,1.0,5.391919191919192
Uniform,linear,gamma_0.45,350,ar1,0.7,1.0,5.122955145118733
Uniform,linear,log,350,ar1,0.7,1.0,11.139
Uniform,linear,gamma_0.0,350,ar1,0.9,1.0,6.699849924962481
Uniform,linear,gamma_0.25,350,ar1,0.9,1.0,5.489609731373543
Uniform,linear,gamma_0.45,350,ar1,0.9,1.0,5.220806794055202
Uniform,linear,log,350,ar1,0.9,1.0,11.1535
Uniform,linear,gamma_0.0,350,spike,2.0,1.0,12.491737606409615
Uniform,linear,gamma_0.25,350,spike,2.0,1.0,10.132554596241746
Uniform,linear,gamma_0.45,350,spike,2.0,1.0,9.746292372881356
Uniform,linear,log,350,spike,2.0,1.0,21.4985
Uniform,linear,gamma_0.0,350,spike,2.5,1.0,11.9004004004004
Uniform,linear,gamma_0.25,350,spike,2.5,1.0,9.631126831733198
Uniform,linear,gamma_0.45,350,spike,2.5,1.0,9.213382507903056
Uniform,linear,log,350,spike,2.5,1.0,20.44
Uniform,linear,gamma_0.0,350,spike,3.0,1.0,11.425212606303152
Uniform,linear,gamma_0.25,350,spike,3.0,1.0,9.27488630621526
Uniform,linear,gamma_0.45,350,spike,3.0,1.0,8.928046218487395
Uniform,linear,log,350,spike,3.0,1.0,19.607
Uniform,linear,gamma_0.0,350,spike,3.5,1.0,10.959
Uniform,linear,gamma_0.25,350,spike,3.5,1.0,8.922606924643585
Uniform,linear,gamma_0.45,350,spike,3.5,1.0,8.537321334039174
Uniform,linear,log,350,spike,3.5,1.0,18.7555
Uniform,linear,gamma_0.0,350,spike,4.0,1.0,10.5015
Uniform,linear,gamma_0.25,350,spike,4.0,1.0,8.54158215010142
Uniform,linear,gamma_0.45,350,spike,4.0,1.0,8.162262156448202
Uniform,linear,log,350,spike,4.0,1.0,17.915
Uniform,linear,gamma_0.0,450,inflation,1.1,0.9975,116.12844036697248
Uniform,linear,gamma_0.25,450,inflation,1.1,0.9925,124.75039411455596
Uniform,linear,gamma_0.45,450,inflation,1.1,0.952,160.7915014164306
Uniform,linear,log,450,inflation,1.1,0.9885,183.2377339403136
Uniform,linear,gamma_0.0,450,inflation,1.2,1.0,45.38747454175153
Uniform,linear,gamma_0.25,450,inflation,1.2,1.0,45.69109947643979
Uniform,linear,gamma_0.45,450,inflation,1.2,1.0,53.76810016330975
Uniform,linear,log,450,inflation,1.2,1.0,71.8195
Uniform,linear,gamma_0.0,450,inflation,1.3,1.0,28.794910941475827
Uniform,linear,gamma_0.25,450,inflation,1.3,1.0,28.534267912772584
Uniform,linear,gamma_0.45,450,inflation,1.3,1.0,32.65964343598055
Uniform,linear,log,450,inflation,1.3,1.0,45.1205
Uniform,linear,gamma_0.0,450,inflation,1.4,1.0,21.15989847715736
Uniform,linear,gamma_0.25,450,inflation,1.4,1.0,20.881889763779526
Uniform,linear,gamma_0.45,450,inflation,1.4,1.0,23.57073695535234
Uniform,linear,log,450,inflation,1.4,1.0,32.801900950475236
Uniform,linear,gamma_0.0,450,inflation,1.5,1.0,16.74226281075596
Uniform,linear,gamma_0.25,450,inflation,1.5,1.0,16.463912133891213
Uniform,linear,gamma_0.45,450,inflation,1.5,1.0,18.328301886792453
Uniform,linear,log,450,inflation,1.5,1.0,25.6865
Uniform,linear,gamma_0.0,450,ar1,0.1,1.0,8.429444727457973
Uniform,linear,gamma_0.25,450,ar1,0.1,1.0,8.209533787323206
Uniform,linear,gamma_0.45,450,ar1,0.1,1.0,9.034519956850055
Uniform,linear,log,450,ar1,0.1,1.0,12.7085
Uniform,linear,gamma_0.0,450,ar1,0.3,1.0,8.282286881061767
Uniform,linear,gamma_0.25,450,ar1,0.3,1.0,8.075026232948584
Uniform,linear,gamma_0.45,450,ar1,0.3,1.0,8.921066956995102
Uniform,linear,log,450,ar1,0.3,1.0,12.6
Uniform,linear,gamma_0.0,450,ar1,0.5,1.0,8.366377107818089
Uniform,linear,gamma_0.25,450,ar1,0.5,1.0,8.149081364829396
Uniform,linear,gamma_0.45,450,ar1,0.5,1.0,8.995689655172415
Uniform,linear,log,450,ar1,0.5,1.0,12.7305
Uniform,linear,gamma_0.0,450,ar1,0.7,1.0,8.442239185750637
Uniform,linear,gamma_0.25,450,ar1,0.7,1.0,8.23309053069719
Uniform,linear,gamma_0.45,450,ar1,0.7,1.0,9.04331348132106
Uniform,linear,log,450,ar1,0.7,1.0,12.701350675337668
Uniform,linear,gamma_0.0,450,ar1,0.9,1.0,8.447890188103711
Uniform,linear,gamma_0.25,450,ar1,0.9,1.0,8.220954356846473
Uniform,linear,gamma_0.45,450,ar1,0.9,1.0,9.085744908896034
Uniform,linear,log,450,ar1,0.9,1.0,12.7935
Uniform,linear,gamma_0.0,450,spike,2.0,1.0,15.769660071029934
Uniform,linear,gamma_0.25,450,spike,2.0,1.0,15.525221008840354
Uniform,linear,gamma_0.45,450,spike,2.0,1.0,17.261587639850827
Uniform,linear,log,450,spike,2.0,1.0,24.3375
Uniform,linear,gamma_0.0,450,spike,2.5,1.0,14.978050025523226
Uniform,linear,gamma_0.25,450,spike,2.5,1.0,14.710290237467019
Uniform,linear,gamma_0.45,450,spike,2.5,1.0,16.50217155266015
Uniform,linear,log,450,spike,2.5,1.0,23.092
Uniform,linear,gamma_0.0,450,spike,3.0,1.0,14.389590702374937
Uniform,linear,gamma_0.25,450,spike,3.0,1.0,14.032591826176928
Uniform,linear,gamma_0.45,450,spike,3.0,1.0,15.71351931330472
Uniform,linear,log,450,spike,3.0,1.0,22.141
Uniform,linear,gamma_0.0,450,spike,3.5,1.0,13.844274809160305
Uniform,linear,gamma_0.25,450,spike,3.5,1.0,13.520083463745436
Uniform,linear,gamma_0.45,450,spike,3.5,1.0,15.087284482758621
Uniform,linear,log,450,spike,3.5,1.0,21.2305
Uniform,linear,gamma_0.0,450,spike,4.0,1.0,13.267820773930753
Uniform,linear,gamma_0.25,450,spike,4.0,1.0,12.965104166666666
Uniform,linear,gamma_0.45,450,spike,4.0,1.0,14.388375882672461
Uniform,linear,log,450,spike,4.0,1.0,20.3305
Uniform,linear,gamma_0.0,550,inflation,1.1,0.9915,138.91413612565444
Uniform,linear,gamma_0.25,550,inflation,1.1,0.98,159.7506760411033
Uniform,linear,gamma_0.45,550,inflation,1.1,0.8845,210.74954072259644
Uniform,linear,log,550,inflation,1.1,0.982,193.66547679755226
Uniform,linear,gamma_0.0,550,inflation,1.2,1.0,55.67153284671533
Uniform,linear,gamma_0.25,550,inflation,1.2,1.0,60.00801282051282
Uniform,linear,gamma_0.45,550,inflation,1.2,1.0,75.20054794520549
Uniform,linear,log,550,inflation,1.2,1.0,78.68568568568568
Uniform,linear,gamma_0.0,550,inflation,1.3,1.0,34.92935064935065
Uniform,linear,gamma_0.25,550,inflation,1.3,1.0,37.371808510638296
Uniform,linear,gamma_0.45,550,inflation,1.3,1.0,45.268583830710796
Uniform,linear,log,550,inflation,1.3,1.0,49.57185778668002
Uniform,linear,gamma_0.0,550,inflation,1.4,1.0,25.62780972294825
Uniform,linear,gamma_0.25,550,inflation,1.4,1.0,27.143550998381002
Uniform,linear,gamma_0.45,550,inflation,1.4,1.0,32.48349834983498
Uniform,linear,log,550,inflation,1.4,1.0,36.21971971971972
Uniform,linear,gamma_0.0,550,inflation,1.5,1.0,19.950052029136316
Uniform,linear,gamma_0.25,550,inflation,1.5,1.0,21.032568072610786
Uniform,linear,gamma_0.45,550,inflation,1.5,1.0,25.241900647948164
Uniform,linear,log,550,inflation,1.5,1.0,28.4392196098049
Uniform,linear,gamma_0.0,550,ar1,0.1,1.0,10.080703569580962
Uniform,linear,gamma_0.25,550,ar1,0.1,1.0,10.49868073878628
Uniform,linear,gamma_0.45,550,ar1,0.1,1.0,12.340032590983162
Uniform,linear,log,550,ar1,0.1,1.0,14.106606606606606
Uniform,linear,gamma_0.0,550,ar1,0.3,1.0,10.025454545454545
Uniform,linear,gamma_0.25,550,ar1,0.3,1.0,10.476417594064653
Uniform,linear,gamma_0.45,550,ar1,0.3,1.0,12.351541373715522
Uniform,linear,log,550,ar1,0.3,1.0,14.049524762381191
Uniform,linear,gamma_0.0,550,ar1,0.5,1.0,10.076604554865424
Uniform,linear,gamma_0.25,550,ar1,0.5,1.0,10.527426160337553
Uniform,linear,gamma_0.45,550,ar1,0.5,1.0,12.275493860117459
Uniform,linear,log,550,ar1,0.5,1.0,14.094736842105263
Uniform,linear,gamma_0.0,550,ar1,0.7,1.0,10.21461897356143
Uniform,linear,gamma_0.25,550,ar1,0.7,1.0,10.645998940116588
Uniform,linear,gamma_0.45,550,ar1,0.7,1.0,12.480280929227444
Uniform,linear,log,550,ar1,0.7,1.0,14.22922922922923
Uniform,linear,gamma_0.0,550,ar1,0.9,1.0,10.186652763295099
Uniform,linear,gamma_0.25,550,ar1,0.9,1.0,10.6741452991453
Uniform,linear,gamma_0.45,550,ar1,0.9,1.0,12.46078431372549
Uniform,linear,log,550,ar1,0.9,1.0,14.234234234234235
Uniform,linear,gamma_0.0,550,spike,2.0,1.0,19.439125910509887
Uniform,linear,gamma_0.25,550,spike,2.0,1.0,20.456625864821714
Uniform,linear,gamma_0.45,550,spike,2.0,1.0,24.303763440860216
Uniform,linear,log,550,spike,2.0,1.0,27.386693346673336
Uniform,linear,gamma_0.0,550,spike,2.5,1.0,18.19572025052192
Uniform,linear,gamma_0.25,550,spike,2.5,1.0,19.132415254237287
Uniform,linear,gamma_0.45,550,spike,2.5,1.0,22.783827493261455
Uniform,linear,log,550,spike,2.5,1.0,25.795295295295297
Uniform,linear,gamma_0.0,550,spike,3.0,1.0,17.84837545126354
Uniform,linear,gamma_0.25,550,spike,3.0,1.0,18.77989417989418
Uniform,linear,gamma_0.45,550,spike,3.0,1.0,22.183684494867638
Uniform,linear,log,550,spike,3.0,1.0,25.034517258629315
Uniform,linear,gamma_0.0,550,spike,3.5,1.0,16.710444674250258
Uniform,linear,gamma_0.25,550,spike,3.5,1.0,17.63583509513742
Uniform,linear,gamma_0.45,550,spike,3.5,1.0,20.87987012987013
Uniform,linear,log,550,spike,3.5,1.0,23.688877755511022
Uniform,linear,gamma_0.0,550,spike,4.0,1.0,16.127703398558186
Uniform,linear,gamma_0.25,550,spike,4.0,1.0,16.87251828631139
Uniform,linear,gamma_0.45,550,spike,4.0,1.0,19.982123510292524
Uniform,linear,log,550,spike,4.0,1.0,22.604302151075537
Uniform,log,gamma_0.0,350,inflation,1.1,1.0,40.2535
Uniform,log,gamma_0.25,350,inflation,1.1,1.0,34.1577350859454
Uniform,log,gamma_0.45,350,inflation,1.1,1.0,34.78958333333333
Uniform,log,log,350,inflation,1.1,1.0,73.464
Uniform,log,gamma_0.0,350,inflation,1.2,1.0,19.038519259629815
Uniform,log,gamma_0.25,350,inflation,1.2,1.0,15.467336683417086
Uniform,log,gamma_0.45,350,inflation,1.2,1.0,15.034751037344398
Uniform,log,log,350,inflation,1.2,1.0,33.6495
Uniform,log,gamma_0.0,350,inflation,1.3,1.0,12.4475
Uniform,log,gamma_0.25,350,inflation,1.3,1.0,10.012632642748864
Uniform,log,gamma_0.45,350,inflation,1.3,1.0,9.582767624020887
Uniform,log,log,350,inflation,1.3,1.0,21.7765
Uniform,log,gamma_0.0,350,inflation,1.4,1.0,9.528764382191095
Uniform,log,gamma_0.25,350,inflation,1.4,1.0,7.626008064516129
Uniform,log,gamma_0.45,350,inflation,1.4,1.0,7.237922077922078
Uniform,log,log,350,inflation,1.4,1.0,16.464
Uniform,log,gamma_0.0,350,inflation,1.5,1.0,7.763
Uniform,log,gamma_0.25,350,inflation,1.5,1.0,6.227593152064451
Uniform,log,gamma_0.45,350,inflation,1.5,1.0,5.925559604372722
Uniform,log,log,350,inflation,1.5,1.0,13.306
Uniform,log,gamma_0.0,350,ar1,0.1,1.0,4.252
Uniform,log,gamma_0.25,350,ar1,0.1,1.0,3.4406438631790746
Uniform,log,gamma_0.45,350,ar1,0.1,1.0,3.254668049792531
Uniform,log,log,350,ar1,0.1,1.0,7.137
Uniform,log,gamma_0.0,350,ar1,0.3,1.0,4.278
Uniform,log,gamma_0.25,350,ar1,0.3,1.0,3.463365336028297
Uniform,log,gamma_0.45,350,ar1,0.3,1.0,3.2680895366996356
Uniform,log,log,350,ar1,0.3,1.0,7.1595
Uniform,log,gamma_0.0,350,ar1,0.5,1.0,4.3035
Uniform,log,gamma_0.25,350,ar1,0.5,1.0,3.4798183652875885
Uniform,log,gamma_0.45,350,ar1,0.5,1.0,3.2885520125457397
Uniform,log,log,350,ar1,0.5,1.0,7.195
Uniform,log,gamma_0.0,350,ar1,0.7,1.0,4.318659329664833
Uniform,log,gamma_0.25,350,ar1,0.7,1.0,3.4914141414141415
Uniform,log,gamma_0.45,350,ar1,0.7,1.0,3.288622129436326
Uniform,log,log,350,ar1,0.7,1.0,7.232
Uniform,log,gamma_0.0,350,ar1,0.9,1.0,4.5045
Uniform,log,gamma_0.25,350,ar1,0.9,1.0,3.651844365841334
Uniform,log,gamma_0.45,350,ar1,0.9,1.0,3.454497907949791
Uniform,log,log,350,ar1,0.9,1.0,7.5975
Uniform,log,gamma_0.0,350,spike,2.0,1.0,7.419209604802401
Uniform,log,gamma_0.25,350,spike,2.0,1.0,5.954476479514415
Uniform,log,gamma_0.45,350,spike,2.0,1.0,5.679096638655462
Uniform,log,log,350,spike,2.0,1.0,12.7105
Uniform,log,gamma_0.0,350,spike,2.5,1.0,7.1445
Uniform,log,gamma_0.25,350,spike,2.5,1.0,5.713420787083754
Uniform,log,gamma_0.45,350,spike,2.5,1.0,5.408163265306122
Uniform,log,log,350,spike,2.5,1.0,12.2035
Uniform,log,gamma_0.0,350,spike,3.0,1.0,6.874874874874875
Uniform,log,gamma_0.25,350,spike,3.0,1.0,5.502525252525253
Uniform,log,gamma_0.45,350,spike,3.0,1.0,5.236096537250787
Uniform,log,log,350,spike,3.0,1.0,11.745
Uniform,log,gamma_0.0,350,spike,3.5,1.0,6.606606606606607
Uniform,log,gamma_0.25,350,spike,3.5,1.0,5.278763304612266
Uniform,log,gamma_0.45,350,spike,3.5,1.0,4.970960929250264
Uniform,log,log,350,spike,3.5,1.0,11.254
Uniform,log,gamma_0.0,350,spike,4.0,1.0,6.2945
Uniform,log,gamma_0.25,350,spike,4.0,1.0,5.043303121852971
Uniform,log,gamma_0.45,350,spike,4.0,1.0,4.8004158004158
Uniform,log,log,350,spike,4.0,1.0,10.804
Uniform,log,gamma_0.0,450,inflation,1.1,1.0,48.18449062341612
Uniform,log,gamma_0.25,450,inflation,1.1,1.0,48.58367768595041
Uniform,log,gamma_0.45,450,inflation,1.1,1.0,58.20443740095087
Uniform,log,log,450,inflation,1.1,1.0,76.8715
Uniform,log,gamma_0.0,450,inflation,1.2,1.0,22.335519677093846
Uniform,log,gamma_0.25,450,inflation,1.2,1.0,22.0987146529563
Uniform,log,gamma_0.45,450,inflation,1.2,1.0,25.130227633668607
Uniform,log,log,450,inflation,1.2,1.0,35.2055
Uniform,log,gamma_0.0,450,inflation,1.3,1.0,14.78315683308119
Uniform,log,gamma_0.25,450,inflation,1.3,1.0,14.507478081485301
Uniform,log,gamma_0.45,450,inflation,1.3,1.0,16.323839662447256
Uniform,log,log,450,inflation,1.3,1.0,23.102
Uniform,log,gamma_0.0,450,inflation,1.4,1.0,11.02233502538071
Uniform,log,gamma_0.25,450,inflation,1.4,1.0,10.747542679772375
Uniform,log,gamma_0.45,450,inflation,1.4,1.0,12.054410987849973
Uniform,log,log,450,inflation,1.4,1.0,17.211
Uniform,log,gamma_0.0,450,inflation,1.5,1.0,9.066532258064516
Uniform,log,gamma_0.25,450,inflation,1.5,1.0,8.853834276891405
Uniform,log,gamma_0.45,450,inflation,1.5,1.0,9.826455026455026
Uniform,log,log,450,inflation,1.5,1.0,13.9935
Uniform,log,gamma_0.0,450,ar1,0.1,1.0,4.826174835775644
Uniform,log,gamma_0.25,450,ar1,0.1,1.0,4.696797520661157
Uniform,log,gamma_0.45,450,ar1,0.1,1.0,5.165249734325186
Uniform,log,log,450,ar1,0.1,1.0,7.323
Uniform,log,gamma_0.0,450,ar1,0.3,1.0,4.813835198372329
Uniform,log,gamma_0.25,450,ar1,0.3,1.0,4.691827173347215
Uniform,log,gamma_0.45,450,ar1,0.3,1.0,5.153475935828877
Uniform,log,log,450,ar1,0.3,1.0,7.301
Uniform,log,gamma_0.0,450,ar1,0.5,1.0,4.763811454637608
Uniform,log,gamma_0.25,450,ar1,0.5,1.0,4.646017699115045
Uniform,log,gamma_0.45,450,ar1,0.5,1.0,5.086096256684492
Uniform,log,log,450,ar1,0.5,1.0,7.3096548274137065
Uniform,log,gamma_0.0,450,ar1,0.7,1.0,4.82520325203252
Uniform,log,gamma_0.25,450,ar1,0.7,1.0,4.7124217118997915
Uniform,log,gamma_0.45,450,ar1,0.7,1.0,5.162061636556855
Uniform,log,log,450,ar1,0.7,1.0,7.387
Uniform,log,gamma_0.0,450,ar1,0.9,1.0,5.004040404040404
Uniform,log,gamma_0.25,450,ar1,0.9,1.0,4.87789799072643
Uniform,log,gamma_0.45,450,ar1,0.9,1.0,5.375529661016949
Uniform,log,log,450,ar1,0.9,1.0,7.704
Uniform,log,gamma_0.0,450,spike,2.0,1.0,8.488619119878605
Uniform,log,gamma_0.25,450,spike,2.0,1.0,8.25721649484536
Uniform,log,gamma_0.45,450,spike,2.0,1.0,9.189545934530095
Uniform,log,log,450,spike,2.0,1.0,13.2115
Uniform,log,gamma_0.0,450,spike,2.5,1.0,8.189873417721518
Uniform,log,gamma_0.25,450,spike,2.5,1.0,7.964285714285714
Uniform,log,gamma_0.45,450,spike,2.5,1.0,8.814775160599572
Uniform,log,log,450,spike,2.5,1.0,12.6585
Uniform,log,gamma_0.0,450,spike,3.0,1.0,7.938672072985302
Uniform,log,gamma_0.25,450,spike,3.0,1.0,7.742069682787312
Uniform,log,gamma_0.45,450,spike,3.0,1.0,8.569903948772678
Uniform,log,log,450,spike,3.0,1.0,12.2055
Uniform,log,gamma_0.0,450,spike,3.5,1.0,7.6556962025316455
Uniform,log,gamma_0.25,450,spike,3.5,1.0,7.440932642487047
Uniform,log,gamma_0.45,450,spike,3.5,1.0,8.216719914802981
Uniform,log,log,450,spike,3.5,1.0,11.774
Uniform,log,gamma_0.0,450,spike,4.0,1.0,7.381578947368421
Uniform,log,gamma_0.25,450,spike,4.0,1.0,7.186728395061729
Uniform,log,gamma_0.45,450,spike,4.0,1.0,7.945589012150027
Uniform,log,log,450,spike,4.0,1.0,11.328
Uniform,log,gamma_0.0,550,inflation,1.1,1.0,56.195461578133056
Uniform,log,gamma_0.25,550,inflation,1.1,1.0,61.085005279831044
Uniform,log,gamma_0.45,550,inflation,1.1,1.0,77.67325146823278
Uniform,log,log,550,inflation,1.1,1.0,80.377
Uniform,log,gamma_0.0,550,inflation,1.2,1.0,26.211369509043926
Uniform,log,gamma_0.25,550,inflation,1.2,1.0,27.836809176225234
Uniform,log,gamma_0.45,550,inflation,1.2,1.0,33.5108868826341
Uniform,log,log,550,inflation,1.2,1.0,37.5215
Uniform,log,gamma_0.0,550,inflation,1.3,1.0,16.97650663942799
Uniform,log,gamma_0.25,550,inflation,1.3,1.0,17.90481171548117
Uniform,log,gamma_0.45,550,inflation,1.3,1.0,21.326574172892208
Uniform,log,log,550,inflation,1.3,1.0,24.3145
Uniform,log,gamma_0.0,550,inflation,1.4,1.0,12.881626351003602
Uniform,log,gamma_0.25,550,inflation,1.4,1.0,13.563550420168067
Uniform,log,gamma_0.45,550,inflation,1.4,1.0,16.126009693053312
Uniform,log,log,550,inflation,1.4,1.0,18.273636818409205
Uniform,log,gamma_0.0,550,inflation,1.5,1.0,10.419155509783728
Uniform,log,gamma_0.25,550,inflation,1.5,1.0,10.924973767051416
Uniform,log,gamma_0.45,550,inflation,1.5,1.0,12.837665782493369
Uniform,log,log,550,inflation,1.5,1.0,14.7935
Uniform,log,gamma_0.0,550,ar1,0.1,1.0,5.576131687242798
Uniform,log,gamma_0.25,550,ar1,0.1,1.0,5.826450601150026
Uniform,log,gamma_0.45,550,ar1,0.1,1.0,6.789697291556028
Uniform,log,log,550,ar1,0.1,1.0,7.7893946973486745
Uniform,log,gamma_0.0,550,ar1,0.3,1.0,5.604412519240636
Uniform,log,gamma_0.25,550,ar1,0.3,1.0,5.850078084331077
Uniform,log,gamma_0.45,550,ar1,0.3,1.0,6.806878306878307
Uniform,log,log,550,ar1,0.3,1.0,7.83791895947974
Uniform,log,gamma_0.0,550,ar1,0.5,1.0,5.549100257069409
Uniform,log,gamma_0.25,550,ar1,0.5,1.0,5.76710182767624
Uniform,log,gamma_0.45,550,ar1,0.5,1.0,6.722192655667908
Uniform,log,log,550,ar1,0.5,1.0,7.759
Uniform,log,gamma_0.0,550,ar1,0.7,1.0,5.6192189105858175
Uniform,log,gamma_0.25,550,ar1,0.7,1.0,5.864300626304802
Uniform,log,gamma_0.45,550,ar1,0.7,1.0,6.8179905312993165
Uniform,log,log,550,ar1,0.7,1.0,7.874874874874875
Uniform,log,gamma_0.0,550,ar1,0.9,1.0,5.760330578512397
Uniform,log,gamma_0.25,550,ar1,0.9,1.0,6.012130801687764
Uniform,log,gamma_0.45,550,ar1,0.9,1.0,7.006966773847803
Uniform,log,log,550,ar1,0.9,1.0,8.08
Uniform,log,gamma_0.0,550,spike,2.0,1.0,10.033367556468173
Uniform,log,gamma_0.25,550,spike,2.0,1.0,10.520898641588296
Uniform,log,gamma_0.45,550,spike,2.0,1.0,12.381740523224773
Uniform,log,log,550,spike,2.0,1.0,14.181
Uniform,log,gamma_0.0,550,spike,2.5,1.0,9.50128270908158
Uniform,log,gamma_0.25,550,spike,2.5,1.0,9.926892950391645
Uniform,log,gamma_0.45,550,spike,2.5,1.0,11.696390658174098
Uniform,log,log,550,spike,2.5,1.0,13.45
Uniform,log,gamma_0.0,550,spike,3.0,1.0,9.121600820933812
Uniform,log,gamma_0.25,550,spike,3.0,1.0,9.555382215288612
Uniform,log,gamma_0.45,550,spike,3.0,1.0,11.206147323794383
Uniform,log,log,550,spike,3.0,1.0,12.879939969984992
Uniform,log,gamma_0.0,550,spike,3.5,1.0,8.701285347043703
Uniform,log,gamma_0.25,550,spike,3.5,1.0,9.12349555206698
Uniform,log,gamma_0.45,550,spike,3.5,1.0,10.794337606837606
Uniform,log,log,550,spike,3.5,1.0,12.339
Uniform,log,gamma_0.0,550,spike,4.0,1.0,8.324016563146998
Uniform,log,gamma_0.25,550,spike,4.0,1.0,8.744444444444444
Uniform,log,gamma_0.45,550,spike,4.0,1.0,10.251348435814455
Uniform,log,log,550,spike,4.0,1.0,11.793587174348698
Uniform,mix,gamma_0.0,350,inflation,1.1,0.999,82.20230345518277
Uniform,mix,gamma_0.25,350,inflation,1.1,0.9985,74.76151898734177
Uniform,mix,gamma_0.45,350,inflation,1.1,0.992,85.18789473684211
Uniform,mix,log,350,inflation,1.1,0.996,158.61495983935743
Uniform,mix,gamma_0.0,350,inflation,1.2,1.0,32.6011011011011
Uniform,mix,gamma_0.25,350,inflation,1.2,1.0,27.31945149822245
Uniform,mix,gamma_0.45,350,inflation,1.2,1.0,27.306306306306308
Uniform,mix,log,350,inflation,1.2,1.0,58.212
Uniform,mix,gamma_0.0,350,inflation,1.3,1.0,20.569784892446222
Uniform,mix,gamma_0.25,350,inflation,1.3,1.0,16.934650455927052
Uniform,mix,gamma_0.45,350,inflation,1.3,1.0,16.528291909042835
Uniform,mix,log,350,inflation,1.3,1.0,36.0275
Uniform,mix,gamma_0.0,350,inflation,1.4,1.0,15.044022011005502
Uniform,mix,gamma_0.25,350,inflation,1.4,1.0,12.265048052604957
Uniform,mix,gamma_0.45,350,inflation,1.4,1.0,11.819957761351636
Uniform,mix,log,350,inflation,1.4,1.0,26.01
Uniform,mix,gamma_0.0,350,inflation,1.5,1.0,12.0395
Uniform,mix,gamma_0.25,350,inflation,1.5,1.0,9.744841469552089
Uniform,mix,gamma_0.45,350,inflation,1.5,1.0,9.319082377476539
Uniform,mix,log,350,inflation,1.5,1.0,20.608
Uniform,mix,gamma_0.0,350,ar1,0.1,1.0,6.029014507253627
Uniform,mix,gamma_0.25,350,ar1,0.1,1.0,4.898887765419616
Uniform,mix,gamma_0.45,350,ar1,0.1,1.0,4.645110410094637
Uniform,mix,log,350,ar1,0.1,1.0,10.141
Uniform,mix,gamma_0.0,350,ar1,0.3,1.0,6.174348697394789
Uniform,mix,gamma_0.25,350,ar1,0.3,1.0,4.99645390070922
Uniform,mix,gamma_0.45,350,ar1,0.3,1.0,4.728427739544733
Uniform,mix,log,350,ar1,0.3,1.0,10.284
Uniform,mix,gamma_0.0,350,ar1,0.5,1.0,6.085
Uniform,mix,gamma_0.25,350,ar1,0.5,1.0,4.936073059360731
Uniform,mix,gamma_0.45,350,ar1,0.5,1.0,4.68186638388123
Uniform,mix,log,350,ar1,0.5,1.0,10.1895
Uniform,mix,gamma_0.0,350,ar1,0.7,1.0,6.109054527263631
Uniform,mix,gamma_0.25,350,ar1,0.7,1.0,4.936040609137056
Uniform,mix,gamma_0.45,350,ar1,0.7,1.0,4.701009028146575
Uniform,mix,log,350,ar1,0.7,1.0,10.224
Uniform,mix,gamma_0.0,350,ar1,0.9,1.0,6.176
Uniform,mix,gamma_0.25,350,ar1,0.9,1.0,5.010111223458038
Uniform,mix,gamma_0.45,350,ar1,0.9,1.0,4.763626834381552
Uniform,mix,log,350,ar1,0.9,1.0,10.335
Uniform,mix,gamma_0.0,350,spike,2.0,1.0,11.412206103051526
Uniform,mix,gamma_0.25,350,spike,2.0,1.0,9.230456852791878
Uniform,mix,gamma_0.45,350,spike,2.0,1.0,8.79379274066281
Uniform,mix,log,350,spike,2.0,1.0,19.599
Uniform,mix,gamma_0.0,350,spike,2.5,1.0,10.92096048024012
Uniform,mix,gamma_0.25,350,spike,2.5,1.0,8.859587317564166
Uniform,mix,gamma_0.45,350,spike,2.5,1.0,8.455602536997885
Uniform,mix,log,350,spike,2.5,1.0,18.76
Uniform,mix,gamma_0.0,350,spike,3.0,1.0,10.532266133066534
Uniform,mix,gamma_0.25,350,spike,3.0,1.0,8.53943377148635
Uniform,mix,gamma_0.45,350,spike,3.0,1.0,8.158829676071056
Uniform,mix,log,350,spike,3.0,1.0,17.9475
Uniform,mix,gamma_0.0,350,spike,3.5,1.0,10.0395
Uniform,mix,gamma_0.25,350,spike,3.5,1.0,8.157974683544303
Uniform,mix,gamma_0.45,350,spike,3.5,1.0,7.7853018372703415
Uniform,mix,log,350,spike,3.5,1.0,17.139
Uniform,mix,gamma_0.0,350,spike,4.0,1.0,9.488733099649474
Uniform,mix,gamma_0.25,350,spike,4.0,1.0,7.691798267957209
Uniform,mix,gamma_0.45,350,spike,4.0,1.0,7.320424403183024
Uniform,mix,log,350,spike,4.0,1.0,16.1845
Uniform,mix,gamma_0.0,450,inflation,1.1,1.0,100.1777890983189
Uniform,mix,gamma_0.25,450,inflation,1.1,0.9995,106.90481171548117
Uniform,mix,gamma_0.45,450,inflation,1.1,0.9865,141.45159515951596
Uniform,mix,log,450,inflation,1.1,0.9995,160.66566566566567
Uniform,mix,gamma_0.0,450,inflation,1.2,1.0,40.76915271435819
Uniform,mix,gamma_0.25,450,inflation,1.2,1.0,40.664070612668745
Uniform,mix,gamma_0.45,450,inflation,1.2,1.0,47.576736672051695
Uniform,mix,log,450,inflation,1.2,1.0,63.9825
Uniform,mix,gamma_0.0,450,inflation,1.3,1.0,26.027068437180798
Uniform,mix,gamma_0.25,450,inflation,1.3,1.0,25.74048625792812
Uniform,mix,gamma_0.45,450,inflation,1.3,1.0,29.205642973412914
Uniform,mix,log,450,inflation,1.3,1.0,40.013
Uniform,mix,gamma_0.0,450,inflation,1.4,1.0,18.9519427402863
Uniform,mix,gamma_0.25,450,inflation,1.4,1.0,18.600417318727178
Uniform,mix,gamma_0.45,450,inflation,1.4,1.0,20.908405172413794
Uniform,mix,log,450,inflation,1.4,1.0,29.3795
Uniform,mix,gamma_0.0,450,inflation,1.5,1.0,14.923273657289002
Uniform,mix,gamma_0.25,450,inflation,1.5,1.0,14.64218258132214
Uniform,mix,gamma_0.45,450,inflation,1.5,1.0,16.363932645301468
Uniform,mix,log,450,inflation,1.5,1.0,23.0145
Uniform,mix,gamma_0.0,450,ar1,0.1,1.0,7.591649694501018
Uniform,mix,gamma_0.25,450,ar1,0.1,1.0,7.420388859695218
Uniform,mix,gamma_0.45,450,ar1,0.1,1.0,8.198271204754187
Uniform,mix,log,450,ar1,0.1,1.0,11.5295
Uniform,mix,gamma_0.0,450,ar1,0.3,1.0,7.655645981688708
Uniform,mix,gamma_0.25,450,ar1,0.3,1.0,7.457768508863399
Uniform,mix,gamma_0.45,450,ar1,0.3,1.0,8.240630092341119
Uniform,mix,log,450,ar1,0.3,1.0,11.538769384692346
Uniform,mix,gamma_0.0,450,ar1,0.5,1.0,7.566362715298886
Uniform,mix,gamma_0.25,450,ar1,0.5,1.0,7.373894955798232
Uniform,mix,gamma_0.45,450,ar1,0.5,1.0,8.120867208672086
Uniform,mix,log,450,ar1,0.5,1.0,11.552
Uniform,mix,gamma_0.0,450,ar1,0.7,1.0,7.635580334515965
Uniform,mix,gamma_0.25,450,ar1,0.7,1.0,7.437240663900415
Uniform,mix,gamma_0.45,450,ar1,0.7,1.0,8.217321140398063
Uniform,mix,log,450,ar1,0.7,1.0,11.6105
Uniform,mix,gamma_0.0,450,ar1,0.9,1.0,7.732480818414322
Uniform,mix,gamma_0.25,450,ar1,0.9,1.0,7.519099947671377
Uniform,mix,gamma_0.45,450,ar1,0.9,1.0,8.305525460455037
Uniform,mix,log,450,ar1,0.9,1.0,11.7165
Uniform,mix,gamma_0.0,450,spike,2.0,1.0,14.414022517911976
Uniform,mix,gamma_0.25,450,spike,2.0,1.0,14.169375983219718
Uniform,mix,gamma_0.45,450,spike,2.0,1.0,15.77747551686616
Uniform,mix,log,450,spike,2.0,1.0,22.17808904452226
Uniform,mix,gamma_0.0,450,spike,2.5,1.0,13.693401015228426
Uniform,mix,gamma_0.25,450,spike,2.5,1.0,13.407853403141361
Uniform,mix,gamma_0.45,450,spike,2.5,1.0,14.87506760411033
Uniform,mix,log,450,spike,2.5,1.0,21.0725
Uniform,mix,gamma_0.0,450,spike,3.0,1.0,12.968431771894094
Uniform,mix,gamma_0.25,450,spike,3.0,1.0,12.708311552535285
Uniform,mix,gamma_0.45,450,spike,3.0,1.0,14.110337439742903
Uniform,mix,log,450,spike,3.0,1.0,20.0275
Uniform,mix,gamma_0.0,450,spike,3.5,1.0,12.527013251783893
Uniform,mix,gamma_0.25,450,spike,3.5,1.0,12.248430962343097
Uniform,mix,gamma_0.45,450,spike,3.5,1.0,13.628447809626826
Uniform,mix,log,450,spike,3.5,1.0,19.239
Uniform,mix,gamma_0.0,450,spike,4.0,1.0,12.029546612328069
Uniform,mix,gamma_0.25,450,spike,4.0,1.0,11.727510460251047
Uniform,mix,gamma_0.45,450,spike,4.0,1.0,13.08252427184466
Uniform,mix,log,450,spike,4.0,1.0,18.419
Uniform,mix,gamma_0.0,550,inflation,1.1,0.9985,116.63560645497137
Uniform,mix,gamma_0.25,550,inflation,1.1,0.9955,133.53041622198506
Uniform,mix,gamma_0.45,550,inflation,1.1,0.958,178.63646659116648
Uniform,mix,log,550,inflation,1.1,0.995,165.26532663316584
Uniform,mix,gamma_0.0,550,inflation,1.2,1.0,49.28950103950104
Uniform,mix,gamma_0.25,550,inflation,1.2,1.0,53.087440381558025
Uniform,mix,gamma_0.45,550,inflation,1.2,1.0,65.56848944233893
Uniform,mix,log,550,inflation,1.2,1.0,69.4095
Uniform,mix,gamma_0.0,550,inflation,1.3,1.0,30.744270833333335
Uniform,mix,gamma_0.25,550,inflation,1.3,1.0,32.619275825346115
Uniform,mix,gamma_0.45,550,inflation,1.3,1.0,39.666304347826085
Uniform,mix,log,550,inflation,1.3,1.0,43.8075
Uniform,mix,gamma_0.0,550,inflation,1.4,1.0,22.704261954261955
Uniform,mix,gamma_0.25,550,inflation,1.4,1.0,23.964002117522497
Uniform,mix,gamma_0.45,550,inflation,1.4,1.0,28.66954177897574
Uniform,mix,log,550,inflation,1.4,1.0,32.271271271271274
Uniform,mix,gamma_0.0,550,inflation,1.5,1.0,18.234504132231404
Uniform,mix,gamma_0.25,550,inflation,1.5,1.0,19.213833157338964
Uniform,mix,gamma_0.45,550,inflation,1.5,1.0,22.887870619946092
Uniform,mix,log,550,inflation,1.5,1.0,25.809904952476238
Uniform,mix,gamma_0.0,550,ar1,0.1,1.0,9.11231884057971
Uniform,mix,gamma_0.25,550,ar1,0.1,1.0,9.551851851851852
Uniform,mix,gamma_0.45,550,ar1,0.1,1.0,11.19342672413793
Uniform,mix,log,550,ar1,0.1,1.0,12.806112224448897
Uniform,mix,gamma_0.0,550,ar1,0.3,1.0,8.920585161964473
Uniform,mix,gamma_0.25,550,ar1,0.3,1.0,9.324973319103522
Uniform,mix,gamma_0.45,550,ar1,0.3,1.0,10.952121871599564
Uniform,mix,log,550,ar1,0.3,1.0,12.56056056056056
Uniform,mix,gamma_0.0,550,ar1,0.5,1.0,9.163883089770355
Uniform,mix,gamma_0.25,550,ar1,0.5,1.0,9.55247735748535
Uniform,mix,gamma_0.45,550,ar1,0.5,1.0,11.196195652173913
Uniform,mix,log,550,ar1,0.5,1.0,12.77977977977978
Uniform,mix,gamma_0.0,550,ar1,0.7,1.0,9.218636127017179
Uniform,mix,gamma_0.25,550,ar1,0.7,1.0,9.622751322751323
Uniform,mix,gamma_0.45,550,ar1,0.7,1.0,11.313142239048133
Uniform,mix,log,550,ar1,0.7,1.0,12.87137137137137
Uniform,mix,gamma_0.0,550,ar1,0.9,1.0,9.378881987577639
Uniform,mix,gamma_0.25,550,ar1,0.9,1.0,9.84021164021164
Uniform,mix,gamma_0.45,550,ar1,0.9,1.0,11.473456121343446
Uniform,mix,log,550,ar1,0.9,1.0,13.046569854782174
Uniform,mix,gamma_0.0,550,spike,2.0,1.0,17.276363636363637
Uniform,mix,gamma_0.25,550,spike,2.0,1.0,18.130274261603375
Uniform,mix,gamma_0.45,550,spike,2.0,1.0,21.651075268817205
Uniform,mix,log,550,spike,2.0,1.0,24.46693386773547
Uniform,mix,gamma_0.0,550,spike,2.5,1.0,16.592303692147684
Uniform,mix,gamma_0.25,550,spike,2.5,1.0,17.460841768779968
Uniform,mix,gamma_0.45,550,spike,2.5,1.0,20.631151974040023
Uniform,mix,log,550,spike,2.5,1.0,23.428214107053527
Uniform,mix,gamma_0.0,550,spike,3.0,1.0,15.6421875
Uniform,mix,gamma_0.25,550,spike,3.0,1.0,16.46886641830761
Uniform,mix,gamma_0.45,550,spike,3.0,1.0,19.532537960954446
Uniform,mix,log,550,spike,3.0,1.0,22.067
Uniform,mix,gamma_0.0,550,spike,3.5,1.0,14.978159126365055
Uniform,mix,gamma_0.25,550,spike,3.5,1.0,15.688865210442195
Uniform,mix,gamma_0.45,550,spike,3.5,1.0,18.660490463215258
Uniform,mix,log,550,spike,3.5,1.0,21.203101550775386
Uniform,mix,gamma_0.0,550,spike,4.0,1.0,14.560519480519481
Uniform,mix,gamma_0.25,550,spike,4.0,1.0,15.265034592868547
Uniform,mix,gamma_0.45,550,spike,4.0,1.0,18.005942733657484
Uniform,mix,log,550,spike,4.0,1.0,20.44122061030515
TDist,linear,gamma_0.0,350,inflation,1.1,0.9785,127.87161125319693
TDist,linear,gamma_0.25,350,inflation,1.1,0.965,121.06124604012672
TDist,linear,gamma_0.45,350,inflation,1.1,0.882,132.3741579914268
TDist,linear,log,350,inflation,1.1,0.9275,242.3633423180593
TDist,linear,gamma_0.0,350,inflation,1.2,1.0,45.0105
TDist,linear,gamma_0.25,350,inflation,1.2,1.0,38.90240163515585
TDist,linear,gamma_0.45,350,inflation,1.2,1.0,40.19275825346113
TDist,linear,log,350,inflation,1.2,1.0,82.7365
TDist,linear,gamma_0.0,350,inflation,1.3,1.0,27.90745372686343
TDist,linear,gamma_0.25,350,inflation,1.3,1.0,23.257653061224488
TDist,linear,gamma_0.45,350,inflation,1.3,1.0,23.015409139213602
TDist,linear,log,350,inflation,1.3,1.0,49.629
TDist,linear,gamma_0.0,350,inflation,1.4,1.0,19.9024024024024
TDist,linear,gamma_0.25,350,inflation,1.4,1.0,16.257721518987342
TDist,linear,gamma_0.45,350,inflation,1.4,1.0,15.81986265187533
TDist,linear,log,350,inflation,1.4,1.0,34.9925
TDist,linear,gamma_0.0,350,inflation,1.5,1.0,15.836
TDist,linear,gamma_0.25,350,inflation,1.5,1.0,12.85367088607595
TDist,linear,gamma_0.45,350,inflation,1.5,1.0,12.434805747738158
TDist,linear,log,350,inflation,1.5,1.0,27.4365
TDist,linear,gamma_0.0,350,ar1,0.1,1.0,7.864864864864865
TDist,linear,gamma_0.25,350,ar1,0.1,1.0,6.388433981576254
TDist,linear,gamma_0.45,350,ar1,0.1,1.0,6.096895074946467
TDist,linear,log,350,ar1,0.1,1.0,13.2665
TDist,linear,gamma_0.0,350,ar1,0.3,1.0,7.9475
TDist,linear,gamma_0.25,350,ar1,0.3,1.0,6.434716599190283
TDist,linear,gamma_0.45,350,ar1,0.3,1.0,6.18341307814992
TDist,linear,log,350,ar1,0.3,1.0,13.3175
TDist,linear,gamma_0.0,350,ar1,0.5,1.0,7.891945972986493
TDist,linear,gamma_0.25,350,ar1,0.5,1.0,6.389623601220753
TDist,linear,gamma_0.45,350,ar1,0.5,1.0,6.082271762208068
TDist,linear,log,350,ar1,0.5,1.0,13.2475
TDist,linear,gamma_0.0,350,ar1,0.7,1.0,7.9249624812406205
TDist,linear,gamma_0.25,350,ar1,0.7,1.0,6.468765871000508
TDist,linear,gamma_0.45,350,ar1,0.7,1.0,6.160191591271953
TDist,linear,log,350,ar1,0.7,1.0,13.384
TDist,linear,gamma_0.0,350,ar1,0.9,1.0,7.903951975987994
TDist,linear,gamma_0.25,350,ar1,0.9,1.0,6.4208924949290065
TDist,linear,gamma_0.45,350,ar1,0.9,1.0,6.143538135593221
TDist,linear,log,350,ar1,0.9,1.0,13.2385
TDist,linear,gamma_0.0,350,spike,2.0,1.0,15.128320802005012
TDist,linear,gamma_0.25,350,spike,2.0,1.0,12.367139959432048
TDist,linear,gamma_0.45,350,spike,2.0,1.0,11.899518973810796
TDist,linear,log,350,spike,2.0,1.0,26.1045
TDist,linear,gamma_0.0,350,spike,2.5,1.0,14.306920762286861
TDist,linear,gamma_0.25,350,spike,2.5,1.0,11.690464048954615
TDist,linear,gamma_0.45,350,spike,2.5,1.0,11.286702127659574
TDist,linear,log,350,spike,2.5,1.0,24.6925
TDist,linear,gamma_0.0,350,spike,3.0,1.0,13.567067067067066
TDist,linear,gamma_0.25,350,spike,3.0,1.0,11.094368340943683
TDist,linear,gamma_0.45,350,spike,3.0,1.0,10.668793195108984
TDist,linear,log,350,spike,3.0,1.0,23.45
TDist,linear,gamma_0.0,350,spike,3.5,1.0,13.164664664664665
TDist,linear,gamma_0.25,350,spike,3.5,1.0,10.733502538071066
TDist,linear,gamma_0.45,350,spike,3.5,1.0,10.360212201591512
TDist,linear,log,350,spike,3.5,1.0,22.5405
TDist,linear,gamma_0.0,350,spike,4.0,1.0,12.56835252879319
TDist,linear,gamma_0.25,350,spike,4.0,1.0,10.25050916496945
TDist,linear,gamma_0.45,350,spike,4.0,1.0,9.891617725573946
TDist,linear,log,350,spike,4.0,1.0,21.6
TDist,linear,gamma_0.0,450,inflation,1.1,0.9805,151.23261892315733
TDist,linear,gamma_0.25,450,inflation,1.1,0.954,162.0409745293466
TDist,linear,gamma_0.45,450,inflation,1.1,0.819,198.25766871165644
TDist,linear,log,450,inflation,1.1,0.9405,231.8345744680851
TDist,linear,gamma_0.0,450,inflation,1.2,1.0,57.79763739085773
TDist,linear,gamma_0.25,450,inflation,1.2,1.0,58.90841715193224
TDist,linear,gamma_0.45,450,inflation,1.2,1.0,70.68504366812228
TDist,linear,log,450,inflation,1.2,1.0,90.6875
TDist,linear,gamma_0.0,450,inflation,1.3,1.0,34.65204081632653
TDist,linear,gamma_0.25,450,inflation,1.3,1.0,34.53543307086614
TDist,linear,gamma_0.45,450,inflation,1.3,1.0,40.13882863340564
TDist,linear,log,450,inflation,1.3,1.0,54.294
TDist,linear,gamma_0.0,450,inflation,1.4,1.0,25.927624872579003
TDist,linear,gamma_0.25,450,inflation,1.4,1.0,25.669984284965953
TDist,linear,gamma_0.45,450,inflation,1.4,1.0,29.18943930321176
TDist,linear,log,450,inflation,1.4,1.0,39.92896448224112
TDist,linear,gamma_0.0,450,inflation,1.5,1.0,20.453846153846154
TDist,linear,gamma_0.25,450,inflation,1.5,1.0,20.167810026385226
TDist,linear,gamma_0.45,450,inflation,1.5,1.0,22.644492911668483
TDist,linear,log,450,inflation,1.5,1.0,31.281
TDist,linear,gamma_0.0,450,ar1,0.1,1.0,9.890081799591002
TDist,linear,gamma_0.25,450,ar1,0.1,1.0,9.679683377308708
TDist,linear,gamma_0.45,450,ar1,0.1,1.0,10.680676855895197
TDist,linear,log,450,ar1,0.1,1.0,14.9715
TDist,linear,gamma_0.0,450,ar1,0.3,1.0,10.011734693877552
TDist,linear,gamma_0.25,450,ar1,0.3,1.0,9.766124803356057
TDist,linear,gamma_0.45,450,ar1,0.3,1.0,10.803600654664484
TDist,linear,log,450,ar1,0.3,1.0,15.1865
TDist,linear,gamma_0.0,450,ar1,0.5,1.0,9.881269191402252
TDist,linear,gamma_0.25,450,ar1,0.5,1.0,9.652866242038217
TDist,linear,gamma_0.45,450,ar1,0.5,1.0,10.698290126861556
TDist,linear,log,450,ar1,0.5,1.0,15.00200100050025
TDist,linear,gamma_0.0,450,ar1,0.7,1.0,9.939161554192228
TDist,linear,gamma_0.25,450,ar1,0.7,1.0,9.69826224328594
TDist,linear,gamma_0.45,450,ar1,0.7,1.0,10.73986856516977
TDist,linear,log,450,ar1,0.7,1.0,15.1585
TDist,linear,gamma_0.0,450,ar1,0.9,1.0,10.01639344262295
TDist,linear,gamma_0.25,450,ar1,0.9,1.0,9.701052631578948
TDist,linear,gamma_0.45,450,ar1,0.9,1.0,10.695367847411443
TDist,linear,log,450,ar1,0.9,1.0,15.132566283141571
TDist,linear,gamma_0.0,450,spike,2.0,1.0,19.01180092355054
TDist,linear,gamma_0.25,450,spike,2.0,1.0,18.6989417989418
TDist,linear,gamma_0.45,450,spike,2.0,1.0,20.970990695128627
TDist,linear,log,450,spike,2.0,1.0,29.225
TDist,linear,gamma_0.0,450,spike,2.5,1.0,18.235926305015354
TDist,linear,gamma_0.25,450,spike,2.5,1.0,17.88469601677149
TDist,linear,gamma_0.45,450,spike,2.5,1.0,19.953463203463205
TDist,linear,log,450,spike,2.5,1.0,27.997
TDist,linear,gamma_0.0,450,spike,3.0,1.0,17.219037871033777
TDist,linear,gamma_0.25,450,spike,3.0,1.0,16.892857142857142
TDist,linear,gamma_0.45,450,spike,3.0,1.0,18.90582471420795
TDist,linear,log,450,spike,3.0,1.0,26.6275
TDist,linear,gamma_0.0,450,spike,3.5,1.0,16.619559651817717
TDist,linear,gamma_0.25,450,spike,3.5,1.0,16.30826271186441
TDist,linear,gamma_0.45,450,spike,3.5,1.0,18.227371864776444
TDist,linear,log,450,spike,3.5,1.0,25.4055
TDist,linear,gamma_0.0,450,spike,4.0,1.0,15.964212678936605
TDist,linear,gamma_0.25,450,spike,4.0,1.0,15.716851558372953
TDist,linear,gamma_0.45,450,spike,4.0,1.0,17.585792349726777
TDist,linear,log,450,spike,4.0,1.0,24.527
TDist,linear,gamma_0.0,550,inflation,1.1,0.958,172.11735807860262
TDist,linear,gamma_0.25,550,inflation,1.1,0.912,194.82948490230905
TDist,linear,gamma_0.45,550,inflation,1.1,0.683,234.88655462184875
TDist,linear,log,550,inflation,1.1,0.905,230.28689883913765
TDist,linear,gamma_0.0,550,inflation,1.2,1.0,68.46419236800837
TDist,linear,gamma_0.25,550,inflation,1.2,1.0,74.75952764358561
TDist,linear,gamma_0.45,550,inflation,1.2,1.0,95.57917808219177
TDist,linear,log,550,inflation,1.2,1.0,96.83233233233233
TDist,linear,gamma_0.0,550,inflation,1.3,1.0,42.97740409879138
TDist,linear,gamma_0.25,550,inflation,1.3,1.0,46.00700808625337
TDist,linear,gamma_0.45,550,inflation,1.3,1.0,56.28335170893054
TDist,linear,log,550,inflation,1.3,1.0,60.466
TDist,linear,gamma_0.0,550,inflation,1.4,1.0,30.660564853556487
TDist,linear,gamma_0.25,550,inflation,1.4,1.0,32.63358369098712
TDist,linear,gamma_0.45,550,inflation,1.4,1.0,39.61466885604817
TDist,linear,log,550,inflation,1.4,1.0,43.522
TDist,linear,gamma_0.0,550,inflation,1.5,1.0,24.19375
TDist,linear,gamma_0.25,550,inflation,1.5,1.0,25.547049441786285
TDist,linear,gamma_0.45,550,inflation,1.5,1.0,30.48651623555311
TDist,linear,log,550,inflation,1.5,1.0,34.0165
TDist,linear,gamma_0.0,550,ar1,0.1,1.0,11.963817514420557
TDist,linear,gamma_0.25,550,ar1,0.1,1.0,12.547322877230936
TDist,linear,gamma_0.45,550,ar1,0.1,1.0,14.713091922005571
TDist,linear,log,550,ar1,0.1,1.0,16.78295739348371
TDist,linear,gamma_0.0,550,ar1,0.3,1.0,11.758098223615464
TDist,linear,gamma_0.25,550,ar1,0.3,1.0,12.29796355841372
TDist,linear,gamma_0.45,550,ar1,0.3,1.0,14.463401210787012
TDist,linear,log,550,ar1,0.3,1.0,16.526526526526528
TDist,linear,gamma_0.0,550,ar1,0.5,1.0,11.841203943954334
TDist,linear,gamma_0.25,550,ar1,0.5,1.0,12.444147514698022
TDist,linear,gamma_0.45,550,ar1,0.5,1.0,14.626307099614749
TDist,linear,log,550,ar1,0.5,1.0,16.702905811623246
TDist,linear,gamma_0.0,550,ar1,0.7,1.0,12.136387298282145
TDist,linear,gamma_0.25,550,ar1,0.7,1.0,12.681769722814499
TDist,linear,gamma_0.45,550,ar1,0.7,1.0,14.884892086330936
TDist,linear,log,550,ar1,0.7,1.0,16.886386386386388
TDist,linear,gamma_0.0,550,ar1,0.9,1.0,12.124741200828158
TDist,linear,gamma_0.25,550,ar1,0.9,1.0,12.675517790759427
TDist,linear,gamma_0.45,550,ar1,0.9,1.0,14.879760609357998
TDist,linear,log,550,ar1,0.9,1.0,16.90895447723862
TDist,linear,gamma_0.0,550,spike,2.0,1.0,23.0
TDist,linear,gamma_0.25,550,spike,2.0,1.0,24.33139227104288
TDist,linear,gamma_0.45,550,spike,2.0,1.0,28.935240151106314
TDist,linear,log,550,spike,2.0,1.0,32.50025012506253
TDist,linear,gamma_0.0,550,spike,2.5,1.0,22.205851619644722
TDist,linear,gamma_0.25,550,spike,2.5,1.0,23.507510729613735
TDist,linear,gamma_0.45,550,spike,2.5,1.0,27.957189901207464
TDist,linear,log,550,spike,2.5,1.0,31.36086086086086
TDist,linear,gamma_0.0,550,spike,3.0,1.0,20.93850964043773
TDist,linear,gamma_0.25,550,spike,3.0,1.0,22.128808123997864
TDist,linear,gamma_0.45,550,spike,3.0,1.0,26.17377049180328
TDist,linear,log,550,spike,3.0,1.0,29.465232616308153
TDist,linear,gamma_0.0,550,spike,3.5,1.0,20.249868766404198
TDist,linear,gamma_0.25,550,spike,3.5,1.0,21.389876144318794
TDist,linear,gamma_0.45,550,spike,3.5,1.0,25.50027670171555
TDist,linear,log,550,spike,3.5,1.0,28.452952952952952
TDist,linear,gamma_0.0,550,spike,4.0,1.0,19.313183949973943
TDist,linear,gamma_0.25,550,spike,4.0,1.0,20.360384410037373
TDist,linear,gamma_0.45,550,spike,4.0,1.0,24.28814489571899
TDist,linear,log,550,spike,4.0,1.0,27.325825825825827
TDist,log,gamma_0.0,350,inflation,1.1,1.0,62.485242621310654
TDist,log,gamma_0.25,350,inflation,1.1,1.0,54.55780933062881
TDist,log,gamma_0.45,350,inflation,1.1,0.9995,61.02732527588019
TDist,log,log,350,inflation,1.1,1.0,123.243
TDist,log,gamma_0.0,350,inflation,1.2,1.0,28.15807903951976
TDist,log,gamma_0.25,350,inflation,1.2,1.0,23.18610547667343
TDist,log,gamma_0.45,350,inflation,1.2,1.0,23.09826589595376
TDist,log,log,350,inflation,1.2,1.0,51.8915
TDist,log,gamma_0.0,350,inflation,1.3,1.0,18.424712356178087
TDist,log,gamma_0.25,350,inflation,1.3,1.0,14.846542150429077
TDist,log,gamma_0.45,350,inflation,1.3,1.0,14.360440713536201
TDist,log,log,350,inflation,1.3,1.0,33.4055
TDist,log,gamma_0.0,350,inflation,1.4,1.0,13.829414707353676
TDist,log,gamma_0.25,350,inflation,1.4,1.0,11.119736174530695
TDist,log,gamma_0.45,350,inflation,1.4,1.0,10.738332459360251
TDist,log,log,350,inflation,1.4,1.0,24.8605
TDist,log,gamma_0.0,350,inflation,1.5,1.0,11.2355
TDist,log,gamma_0.25,350,inflation,1.5,1.0,8.973617453069508
TDist,log,gamma_0.45,350,inflation,1.5,1.0,8.636122881355933
TDist,log,log,350,inflation,1.5,1.0,19.988
TDist,log,gamma_0.0,350,ar1,0.1,1.0,6.0525
TDist,log,gamma_0.25,350,ar1,0.1,1.0,4.814720812182741
TDist,log,gamma_0.45,350,ar1,0.1,1.0,4.564941921858501
TDist,log,log,350,ar1,0.1,1.0,10.475
TDist,log,gamma_0.0,350,ar1,0.3,1.0,6.047023511755878
TDist,log,gamma_0.25,350,ar1,0.3,1.0,4.8259766615931
TDist,log,gamma_0.45,350,ar1,0.3,1.0,4.589512711864407
TDist,log,log,350,ar1,0.3,1.0,10.444
TDist,log,gamma_0.0,350,ar1,0.5,1.0,6.003
TDist,log,gamma_0.25,350,ar1,0.5,1.0,4.76282376841036
TDist,log,gamma_0.45,350,ar1,0.5,1.0,4.524189261031366
TDist,log,log,350,ar1,0.5,1.0,10.5175
TDist,log,gamma_0.0,350,ar1,0.7,1.0,6.128192288432649
TDist,log,gamma_0.25,350,ar1,0.7,1.0,4.876016260162602
TDist,log,gamma_0.45,350,ar1,0.7,1.0,4.614420062695925
TDist,log,log,350,ar1,0.7,1.0,10.705
TDist,log,gamma_0.0,350,ar1,0.9,1.0,6.354677338669335
TDist,log,gamma_0.25,350,ar1,0.9,1.0,5.036529680365297
TDist,log,gamma_0.45,350,ar1,0.9,1.0,4.790143084260731
TDist,log,log,350,ar1,0.9,1.0,11.333
TDist,log,gamma_0.0,350,spike,2.0,1.0,10.714357178589294
TDist,log,gamma_0.25,350,spike,2.0,1.0,8.535605289928789
TDist,log,gamma_0.45,350,spike,2.0,1.0,8.22140221402214
TDist,log,log,350,spike,2.0,1.0,19.0415
TDist,log,gamma_0.0,350,spike,2.5,1.0,10.269134567283642
TDist,log,gamma_0.25,350,spike,2.5,1.0,8.149162861491629
TDist,log,gamma_0.45,350,spike,2.5,1.0,7.776959495002631
TDist,log,log,350,spike,2.5,1.0,18.216
TDist,log,gamma_0.0,350,spike,3.0,1.0,9.958458458458459
TDist,log,gamma_0.25,350,spike,3.0,1.0,7.929042067916878
TDist,log,gamma_0.45,350,spike,3.0,1.0,7.5523255813953485
TDist,log,log,350,spike,3.0,1.0,17.6195
TDist,log,gamma_0.0,350,spike,3.5,1.0,9.414207103551776
TDist,log,gamma_0.25,350,spike,3.5,1.0,7.473309608540926
TDist,log,gamma_0.45,350,spike,3.5,1.0,7.112513144058886
TDist,log,log,350,spike,3.5,1.0,16.7175
TDist,log,gamma_0.0,350,spike,4.0,1.0,9.13856928464232
TDist,log,gamma_0.25,350,spike,4.0,1.0,7.267676767676767
TDist,log,gamma_0.45,350,spike,4.0,1.0,6.931782125859334
TDist,log,log,350,spike,4.0,1.0,16.1555
TDist,log,gamma_0.0,450,inflation,1.1,1.0,74.65051020408163
TDist,log,gamma_0.25,450,inflation,1.1,1.0,79.10225485055061
TDist,log,gamma_0.45,450,inflation,1.1,0.999,102.86723768736617
TDist,log,log,450,inflation,1.1,1.0,123.8015
TDist,log,gamma_0.0,450,inflation,1.2,1.0,33.34121274409044
TDist,log,gamma_0.25,450,inflation,1.2,1.0,33.352879027997886
TDist,log,gamma_0.45,450,inflation,1.2,1.0,39.1672131147541
TDist,log,log,450,inflation,1.2,1.0,53.98649324662331
TDist,log,gamma_0.0,450,inflation,1.3,1.0,21.062244897959182
TDist,log,gamma_0.25,450,inflation,1.3,1.0,20.883123689727462
TDist,log,gamma_0.45,450,inflation,1.3,1.0,24.021138211382112
TDist,log,log,450,inflation,1.3,1.0,34.567
TDist,log,gamma_0.0,450,inflation,1.4,1.0,15.778347870702925
TDist,log,gamma_0.25,450,inflation,1.4,1.0,15.551961823966066
TDist,log,gamma_0.45,450,inflation,1.4,1.0,17.633986928104576
TDist,log,log,450,inflation,1.4,1.0,25.62212212212212
TDist,log,gamma_0.0,450,inflation,1.5,1.0,13.03848127244741
TDist,log,gamma_0.25,450,inflation,1.5,1.0,12.840105540897097
TDist,log,gamma_0.45,450,inflation,1.5,1.0,14.43410435718128
TDist,log,log,450,inflation,1.5,1.0,20.844
TDist,log,gamma_0.0,450,ar1,0.1,1.0,6.723502304147465
TDist,log,gamma_0.25,450,ar1,0.1,1.0,6.586842105263158
TDist,log,gamma_0.45,450,ar1,0.1,1.0,7.358265582655827
TDist,log,log,450,ar1,0.1,1.0,10.7185
TDist,log,gamma_0.0,450,ar1,0.3,1.0,6.743852459016393
TDist,log,gamma_0.25,450,ar1,0.3,1.0,6.573452256033578
TDist,log,gamma_0.45,450,ar1,0.3,1.0,7.356451612903226
TDist,log,log,450,ar1,0.3,1.0,10.7125
TDist,log,gamma_0.0,450,ar1,0.5,1.0,6.827323514474353
TDist,log,gamma_0.25,450,ar1,0.5,1.0,6.682939632545931
TDist,log,gamma_0.45,450,ar1,0.5,1.0,7.431034482758621
TDist,log,log,450,ar1,0.5,1.0,10.8625
TDist,log,gamma_0.0,450,ar1,0.7,1.0,6.972293483837865
TDist,log,gamma_0.25,450,ar1,0.7,1.0,6.8319194061505835
TDist,log,gamma_0.45,450,ar1,0.7,1.0,7.617775354416576
TDist,log,log,450,ar1,0.7,1.0,10.9675
TDist,log,gamma_0.0,450,ar1,0.9,1.0,7.081925243215566
TDist,log,gamma_0.25,450,ar1,0.9,1.0,6.890575916230366
TDist,log,gamma_0.45,450,ar1,0.9,1.0,7.741296197107659
TDist,log,log,450,ar1,0.9,1.0,11.45
TDist,log,gamma_0.0,450,spike,2.0,1.0,12.029591836734694
TDist,log,gamma_0.25,450,spike,2.0,1.0,11.776846516500786
TDist,log,gamma_0.45,450,spike,2.0,1.0,13.373247033441208
TDist,log,log,450,spike,2.0,1.0,19.439
TDist,log,gamma_0.0,450,spike,2.5,1.0,11.65122199592668
TDist,log,gamma_0.25,450,spike,2.5,1.0,11.46806282722513
TDist,log,gamma_0.45,450,spike,2.5,1.0,12.988691437802908
TDist,log,log,450,spike,2.5,1.0,18.848924462231114
TDist,log,gamma_0.0,450,spike,3.0,1.0,11.264044943820224
TDist,log,gamma_0.25,450,spike,3.0,1.0,11.065366367949395
TDist,log,gamma_0.45,450,spike,3.0,1.0,12.450080949811117
TDist,log,log,450,spike,3.0,1.0,18.133566783391696
TDist,log,gamma_0.0,450,spike,3.5,1.0,10.95507912200102
TDist,log,gamma_0.25,450,spike,3.5,1.0,10.74698795180723
TDist,log,gamma_0.45,450,spike,3.5,1.0,12.033528472591804
TDist,log,log,450,spike,3.5,1.0,17.5165
TDist,log,gamma_0.0,450,spike,4.0,1.0,10.430541368743617
TDist,log,gamma_0.25,450,spike,4.0,1.0,10.22715404699739
TDist,log,gamma_0.45,450,spike,4.0,1.0,11.4866452991453
TDist,log,log,450,spike,4.0,1.0,16.794897448724363
TDist,log,gamma_0.0,550,inflation,1.1,1.0,88.25357331921651
TDist,log,gamma_0.25,550,inflation,1.1,1.0,100.53858607663248
TDist,log,gamma_0.45,550,inflation,1.1,0.9935,136.89355895196508
TDist,log,log,550,inflation,1.1,1.0,128.56312625250501
TDist,log,gamma_0.0,550,inflation,1.2,1.0,39.10208333333333
TDist,log,gamma_0.25,550,inflation,1.2,1.0,42.343965975544926
TDist,log,gamma_0.45,550,inflation,1.2,1.0,52.89790435249866
TDist,log,log,550,inflation,1.2,1.0,57.1975987993997
TDist,log,gamma_0.0,550,inflation,1.3,1.0,24.897328444211627
TDist,log,gamma_0.25,550,inflation,1.3,1.0,26.654255319148938
TDist,log,gamma_0.45,550,inflation,1.3,1.0,32.62291554599247
TDist,log,log,550,inflation,1.3,1.0,36.53453453453454
TDist,log,gamma_0.0,550,inflation,1.4,1.0,18.512079831932773
TDist,log,gamma_0.25,550,inflation,1.4,1.0,19.720967741935485
TDist,log,gamma_0.45,550,inflation,1.4,1.0,23.892584514721918
TDist,log,log,550,inflation,1.4,1.0,27.03753753753754
TDist,log,gamma_0.0,550,inflation,1.5,1.0,15.074306645735216
TDist,log,gamma_0.25,550,inflation,1.5,1.0,15.981924508240297
TDist,log,gamma_0.45,550,inflation,1.5,1.0,19.223113964687
TDist,log,log,550,inflation,1.5,1.0,21.991495747873937
TDist,log,gamma_0.0,550,ar1,0.1,1.0,7.872318158032444
TDist,log,gamma_0.25,550,ar1,0.1,1.0,8.308021390374332
TDist,log,gamma_0.45,550,ar1,0.1,1.0,9.859782608695653
TDist,log,log,550,ar1,0.1,1.0,11.3295
TDist,log,gamma_0.0,550,ar1,0.3,1.0,7.698795180722891
TDist,log,gamma_0.25,550,ar1,0.3,1.0,8.143164693218514
TDist,log,gamma_0.45,550,ar1,0.3,1.0,9.67247007616975
TDist,log,log,550,ar1,0.3,1.0,11.177588794397199
TDist,log,gamma_0.0,550,ar1,0.5,1.0,7.866492146596858
TDist,log,gamma_0.25,550,ar1,0.5,1.0,8.300908605024052
TDist,log,gamma_0.45,550,ar1,0.5,1.0,9.888524590163934
TDist,log,log,550,ar1,0.5,1.0,11.34934934934935
TDist,log,gamma_0.0,550,ar1,0.7,1.0,7.98844537815126
TDist,log,gamma_0.25,550,ar1,0.7,1.0,8.450513791238507
TDist,log,gamma_0.45,550,ar1,0.7,1.0,9.984048404840484
TDist,log,log,550,ar1,0.7,1.0,11.471679197994987
TDist,log,gamma_0.0,550,ar1,0.9,1.0,8.245273109243698
TDist,log,gamma_0.25,550,ar1,0.9,1.0,8.730583824317087
TDist,log,gamma_0.45,550,ar1,0.9,1.0,10.4
TDist,log,log,550,ar1,0.9,1.0,11.973473473473474
TDist,log,gamma_0.0,550,spike,2.0,1.0,14.292105263157895
TDist,log,gamma_0.25,550,spike,2.0,1.0,15.205850487540628
TDist,log,gamma_0.45,550,spike,2.0,1.0,18.242140099282956
TDist,log,log,550,spike,2.0,1.0,20.755377688844423
TDist,log,gamma_0.0,550,spike,2.5,1.0,14.118972746331236
TDist,log,gamma_0.25,550,spike,2.5,1.0,14.926163723916533
TDist,log,gamma_0.45,550,spike,2.5,1.0,17.872074033750682
TDist,log,log,550,spike,2.5,1.0,20.332
TDist,log,gamma_0.0,550,spike,3.0,1.0,13.09763779527559
TDist,log,gamma_0.25,550,spike,3.0,1.0,13.889721627408994
TDist,log,gamma_0.45,550,spike,3.0,1.0,16.72662657189721
TDist,log,log,550,spike,3.0,1.0,19.10960960960961
TDist,log,gamma_0.0,550,spike,3.5,1.0,12.547743966421827
TDist,log,gamma_0.25,550,spike,3.5,1.0,13.289318303811058
TDist,log,gamma_0.45,550,spike,3.5,1.0,15.997264770240701
TDist,log,log,550,spike,3.5,1.0,18.269539078156313
TDist,log,gamma_0.0,550,spike,4.0,1.0,12.066561844863731
TDist,log,gamma_0.25,550,spike,4.0,1.0,12.813841201716738
TDist,log,gamma_0.45,550,spike,4.0,1.0,15.325720500271887
TDist,log,log,550,spike,4.0,1.0,17.54964894684052
TDist,mix,gamma_0.0,350,inflation,1.1,0.99,112.58888888888889
TDist,mix,gamma_0.25,350,inflation,1.1,0.9815,105.19700103412616
TDist,mix,gamma_0.45,350,inflation,1.1,0.938,121.22808022922636
TDist,mix,log,350,inflation,1.1,0.9605,214.67412805830295
TDist,mix,gamma_0.0,350,inflation,1.2,1.0,41.41320660330165
TDist,mix,gamma_0.25,350,inflation,1.2,1.0,35.31753312945973
TDist,mix,gamma_0.45,350,inflation,1.2,1.0,36.1807486631016
TDist,mix,log,350,inflation,1.2,1.0,75.3685
TDist,mix,gamma_0.0,350,inflation,1.3,1.0,25.371685842921462
TDist,mix,gamma_0.25,350,inflation,1.3,1.0,21.069979716024342
TDist,mix,gamma_0.45,350,inflation,1.3,1.0,20.79946949602122
TDist,mix,log,350,inflation,1.3,1.0,45.1575
TDist,mix,gamma_0.0,350,inflation,1.4,1.0,18.642
TDist,mix,gamma_0.25,350,inflation,1.4,1.0,15.18499746578814
TDist,mix,gamma_0.45,350,inflation,1.4,1.0,14.85404547858276
TDist,mix,log,350,inflation,1.4,1.0,32.7925
TDist,mix,gamma_0.0,350,inflation,1.5,1.0,14.70691382765531
TDist,mix,gamma_0.25,350,inflation,1.5,1.0,11.953713123092573
TDist,mix,gamma_0.45,350,inflation,1.5,1.0,11.562268150503444
TDist,mix,log,350,inflation,1.5,1.0,25.605
TDist,mix,gamma_0.0,350,ar1,0.1,1.0,7.457
TDist,mix,gamma_0.25,350,ar1,0.1,1.0,6.0588832487309645
TDist,mix,gamma_0.45,350,ar1,0.1,1.0,5.768325307651151
TDist,mix,log,350,ar1,0.1,1.0,12.5645
TDist,mix,gamma_0.0,350,ar1,0.3,1.0,7.387387387387387
TDist,mix,gamma_0.25,350,ar1,0.3,1.0,5.939838220424671
TDist,mix,gamma_0.45,350,ar1,0.3,1.0,5.674307036247335
TDist,mix,log,350,ar1,0.3,1.0,12.476
TDist,mix,gamma_0.0,350,ar1,0.5,1.0,7.451225612806403
TDist,mix,gamma_0.25,350,ar1,0.5,1.0,6.043566362715299
TDist,mix,gamma_0.45,350,ar1,0.5,1.0,5.783740701381509
TDist,mix,log,350,ar1,0.5,1.0,12.5935
TDist,mix,gamma_0.0,350,ar1,0.7,1.0,7.534767383691846
TDist,mix,gamma_0.25,350,ar1,0.7,1.0,6.115111561866126
TDist,mix,gamma_0.45,350,ar1,0.7,1.0,5.835978835978836
TDist,mix,log,350,ar1,0.7,1.0,12.6365
TDist,mix,gamma_0.0,350,ar1,0.9,1.0,7.507007007007007
TDist,mix,gamma_0.25,350,ar1,0.9,1.0,6.088504577822991
TDist,mix,gamma_0.45,350,ar1,0.9,1.0,5.836528221512247
TDist,mix,log,350,ar1,0.9,1.0,12.8015
TDist,mix,gamma_0.0,350,spike,2.0,1.0,13.904
TDist,mix,gamma_0.25,350,spike,2.0,1.0,11.26126582278481
TDist,mix,gamma_0.45,350,spike,2.0,1.0,10.843386243386243
TDist,mix,log,350,spike,2.0,1.0,24.1655
TDist,mix,gamma_0.0,350,spike,2.5,1.0,13.334167083541772
TDist,mix,gamma_0.25,350,spike,2.5,1.0,10.871392405063292
TDist,mix,gamma_0.45,350,spike,2.5,1.0,10.422914466737064
TDist,mix,log,350,spike,2.5,1.0,23.171
TDist,mix,gamma_0.0,350,spike,3.0,1.0,12.83274912368553
TDist,mix,gamma_0.25,350,spike,3.0,1.0,10.417811704834605
TDist,mix,gamma_0.45,350,spike,3.0,1.0,10.058071390516782
TDist,mix,log,350,spike,3.0,1.0,22.101
TDist,mix,gamma_0.0,350,spike,3.5,1.0,12.323823823823824
TDist,mix,gamma_0.25,350,spike,3.5,1.0,9.975164723770908
TDist,mix,gamma_0.45,350,spike,3.5,1.0,9.626326963906582
TDist,mix,log,350,spike,3.5,1.0,21.2125
TDist,mix,gamma_0.0,350,spike,4.0,1.0,11.774774774774775
TDist,mix,gamma_0.25,350,spike,4.0,1.0,9.5068842427333
TDist,mix,gamma_0.45,350,spike,4.0,1.0,9.128068303094985
TDist,mix,log,350,spike,4.0,1.0,20.255
TDist,mix,gamma_0.0,450,inflation,1.1,0.992,136.75846153846155
TDist,mix,gamma_0.25,450,inflation,1.1,0.978,148.72951258703802
TDist,mix,gamma_0.45,450,inflation,1.1,0.886,187.3182382133995
TDist,mix,log,450,inflation,1.1,0.972,212.87911522633746
TDist,mix,gamma_0.0,450,inflation,1.2,1.0,50.993367346938776
TDist,mix,gamma_0.25,450,inflation,1.2,1.0,51.966998428496595
TDist,mix,gamma_0.45,450,inflation,1.2,1.0,61.976073953235456
TDist,mix,log,450,inflation,1.2,1.0,81.542
TDist,mix,gamma_0.0,450,inflation,1.3,1.0,31.965937976614132
TDist,mix,gamma_0.25,450,inflation,1.3,1.0,31.81009365244537
TDist,mix,gamma_0.45,450,inflation,1.3,1.0,36.8735199138859
TDist,mix,log,450,inflation,1.3,1.0,50.3245
TDist,mix,gamma_0.0,450,inflation,1.4,1.0,23.325831202046036
TDist,mix,gamma_0.25,450,inflation,1.4,1.0,23.08597046413502
TDist,mix,gamma_0.45,450,inflation,1.4,1.0,26.305103148751357
TDist,mix,log,450,inflation,1.4,1.0,36.3185
TDist,mix,gamma_0.0,450,inflation,1.5,1.0,18.251776649746194
TDist,mix,gamma_0.25,450,inflation,1.5,1.0,18.0
TDist,mix,gamma_0.45,450,inflation,1.5,1.0,20.264436049649216
TDist,mix,log,450,inflation,1.5,1.0,28.541
TDist,mix,gamma_0.0,450,ar1,0.1,1.0,9.246932515337424
TDist,mix,gamma_0.25,450,ar1,0.1,1.0,9.013144058885384
TDist,mix,gamma_0.45,450,ar1,0.1,1.0,9.974288840262583
TDist,mix,log,450,ar1,0.1,1.0,14.1015
TDist,mix,gamma_0.0,450,ar1,0.3,1.0,9.207142857142857
TDist,mix,gamma_0.25,450,ar1,0.3,1.0,8.940463645943098
TDist,mix,gamma_0.45,450,ar1,0.3,1.0,9.927352779306549
TDist,mix,log,450,ar1,0.3,1.0,14.0245
TDist,mix,gamma_0.0,450,ar1,0.5,1.0,9.29351710056151
TDist,mix,gamma_0.25,450,ar1,0.5,1.0,9.03953610964681
TDist,mix,gamma_0.45,450,ar1,0.5,1.0,10.021195652173914
TDist,mix,log,450,ar1,0.5,1.0,14.21710855427714
TDist,mix,gamma_0.0,450,ar1,0.7,1.0,9.173625254582484
TDist,mix,gamma_0.25,450,ar1,0.7,1.0,8.969398340248963
TDist,mix,gamma_0.45,450,ar1,0.7,1.0,9.889304812834224
TDist,mix,log,450,ar1,0.7,1.0,14.02
TDist,mix,gamma_0.0,450,ar1,0.9,1.0,9.381855458739109
TDist,mix,gamma_0.25,450,ar1,0.9,1.0,9.159389794844818
TDist,mix,gamma_0.45,450,ar1,0.9,1.0,10.114549402823018
TDist,mix,log,450,ar1,0.9,1.0,14.352676338169085
TDist,mix,gamma_0.0,450,spike,2.0,1.0,17.65784114052953
TDist,mix,gamma_0.25,450,spike,2.0,1.0,17.35456919060052
TDist,mix,gamma_0.45,450,spike,2.0,1.0,19.480903711672944
TDist,mix,log,450,spike,2.0,1.0,27.28
TDist,mix,gamma_0.0,450,spike,2.5,1.0,16.981753674607198
TDist,mix,gamma_0.25,450,spike,2.5,1.0,16.673629242819842
TDist,mix,gamma_0.45,450,spike,2.5,1.0,18.712137486573578
TDist,mix,log,450,spike,2.5,1.0,26.072036018009005
TDist,mix,gamma_0.0,450,spike,3.0,1.0,16.062595419847327
TDist,mix,gamma_0.25,450,spike,3.0,1.0,15.74581589958159
TDist,mix,gamma_0.45,450,spike,3.0,1.0,17.77391304347826
TDist,mix,log,450,spike,3.0,1.0,24.8035
TDist,mix,gamma_0.0,450,spike,3.5,1.0,15.258620689655173
TDist,mix,gamma_0.25,450,spike,3.5,1.0,14.89655172413793
TDist,mix,gamma_0.45,450,spike,3.5,1.0,16.72904272579773
TDist,mix,log,450,spike,3.5,1.0,23.5815
TDist,mix,gamma_0.0,450,spike,4.0,1.0,14.781218274111675
TDist,mix,gamma_0.25,450,spike,4.0,1.0,14.426100628930818
TDist,mix,gamma_0.45,450,spike,4.0,1.0,16.23030634573304
TDist,mix,log,450,spike,4.0,1.0,22.8355
TDist,mix,gamma_0.0,550,inflation,1.1,0.9795,156.52648305084745
TDist,mix,gamma_0.25,550,inflation,1.1,0.944,177.53149606299212
TDist,mix,gamma_0.45,550,inflation,1.1,0.7765,223.56512455516014
TDist,mix,log,550,inflation,1.1,0.9485,212.47232472324723
TDist,mix,gamma_0.0,550,inflation,1.2,1.0,62.42209484106306
TDist,mix,gamma_0.25,550,inflation,1.2,1.0,68.2807486631016
TDist,mix,gamma_0.45,550,inflation,1.2,1.0,86.24355458036204
TDist,mix,log,550,inflation,1.2,1.0,88.54677338669335
TDist,mix,gamma_0.0,550,inflation,1.3,1.0,38.80083638264506
TDist,mix,gamma_0.25,550,inflation,1.3,1.0,41.52171581769437
TDist,mix,gamma_0.45,550,inflation,1.3,1.0,50.64336818932306
TDist,mix,log,550,inflation,1.3,1.0,55.3815
TDist,mix,gamma_0.0,550,inflation,1.4,1.0,28.4443864229765
TDist,mix,gamma_0.25,550,inflation,1.4,1.0,30.22792937399679
TDist,mix,gamma_0.45,550,inflation,1.4,1.0,36.19825232113599
TDist,mix,log,550,inflation,1.4,1.0,40.05858788182273
TDist,mix,gamma_0.0,550,inflation,1.5,1.0,22.7921875
TDist,mix,gamma_0.25,550,inflation,1.5,1.0,24.0414673046252
TDist,mix,gamma_0.45,550,inflation,1.5,1.0,28.62975027144408
TDist,mix,log,550,inflation,1.5,1.0,32.051
TDist,mix,gamma_0.0,550,ar1,0.1,1.0,11.038080333854982
TDist,mix,gamma_0.25,550,ar1,0.1,1.0,11.600752283718432
TDist,mix,gamma_0.45,550,ar1,0.1,1.0,13.614917127071823
TDist,mix,log,550,ar1,0.1,1.0,15.586880320480722
TDist,mix,gamma_0.0,550,ar1,0.3,1.0,11.218848167539267
TDist,mix,gamma_0.25,550,ar1,0.3,1.0,11.75268817204301
TDist,mix,gamma_0.45,550,ar1,0.3,1.0,13.760810071154898
TDist,mix,log,550,ar1,0.3,1.0,15.68118118118118
TDist,mix,gamma_0.0,550,ar1,0.5,1.0,11.126628452318917
TDist,mix,gamma_0.25,550,ar1,0.5,1.0,11.646963997850618
TDist,mix,gamma_0.45,550,ar1,0.5,1.0,13.66409691629956
TDist,mix,log,550,ar1,0.5,1.0,15.645791583166332
TDist,mix,gamma_0.0,550,ar1,0.7,1.0,11.07012987012987
TDist,mix,gamma_0.25,550,ar1,0.7,1.0,11.658615136876007
TDist,mix,gamma_0.45,550,ar1,0.7,1.0,13.649723756906077
TDist,mix,log,550,ar1,0.7,1.0,15.524524524524525
TDist,mix,gamma_0.0,550,ar1,0.9,1.0,11.38117524700988
TDist,mix,gamma_0.25,550,ar1,0.9,1.0,11.922091782283884
TDist,mix,gamma_0.45,550,ar1,0.9,1.0,13.915989159891598
TDist,mix,log,550,ar1,0.9,1.0,15.9425
TDist,mix,gamma_0.0,550,spike,2.0,1.0,21.457574180114523
TDist,mix,gamma_0.25,550,spike,2.0,1.0,22.643312101910826
TDist,mix,gamma_0.45,550,spike,2.0,1.0,26.95098039215686
TDist,mix,log,550,spike,2.0,1.0,30.022
TDist,mix,gamma_0.0,550,spike,2.5,1.0,20.357998957790517
TDist,mix,gamma_0.25,550,spike,2.5,1.0,21.44949225013362
TDist,mix,gamma_0.45,550,spike,2.5,1.0,25.69150684931507
TDist,mix,log,550,spike,2.5,1.0,28.734734734734733
TDist,mix,gamma_0.0,550,spike,3.0,1.0,18.964359504132233
TDist,mix,gamma_0.25,550,spike,3.0,1.0,19.992596509783183
TDist,mix,gamma_0.45,550,spike,3.0,1.0,23.953475643130815
TDist,mix,log,550,spike,3.0,1.0,27.02004008016032
TDist,mix,gamma_0.0,550,spike,3.5,1.0,18.382536382536383
TDist,mix,gamma_0.25,550,spike,3.5,1.0,19.406616862326572
TDist,mix,gamma_0.45,550,spike,3.5,1.0,22.9767316017316
TDist,mix,log,550,spike,3.5,1.0,25.893
TDist,mix,gamma_0.0,550,spike,4.0,1.0,18.031870428422152
TDist,mix,gamma_0.25,550,spike,4.0,1.0,18.993569131832796
TDist,mix,gamma_0.45,550,spike,4.0,1.0,22.49454148471616
TDist,mix,log,550,spike,4.0,1.0,25.386193096548276
